channel,message_id,timestamp_utc,found_direction,found_symbol,found_tp1,found_sl,missing,text
@FREESIGNALSTOTRADEBYLENNART,59989,2026-09-19T10:45:38Z,SELL,EURGBP,,,tp1|sl,"EURGBP SELL SL HIT ❌
➖ 45 (3x) Pips

✔️Total➕ 653 Pips 

➡️ Trades: 22✔️01❌

————————————————————

Bei einem eurer Konten wären das:

Mit 1 LOT 
Profit: ➕6530.7💵  

Mit 0.10 LOT 
Profit: ➕653.7💵

Mit 0.01 LOT
Profit: ➕65.37💵

—————————————————————

100% Transparenz 

Schreibe unserem Support für mehr Informationen

➡️@S2TSupport"
@FREESIGNALSTOTRADEBYLENNART,60174,2026-09-21T10:29:18Z,BUY,XAUUSD,,,tp1|sl,"NAS100 BUY TP2 HIT ✔️✔️
➕88 Pips
NAS100 BUY TP2 HIT ✔️✔️
➕87 Pips
XAUUSD BUY TP3 HIT ✔️✔️✔️
➕110 Pips
XAUUSD BUY TP3 HIT ✔️✔️✔️
➕210 Pips
XAUUSD SELL TP3 HIT ✔️✔️✔️
➕270 Pips
XAUUSD SELL TP3 HIT ✔️✔️✔️
➕270 Pips

SP500 BUY SL HIT ❌
➖ 19 (3x) Pips
WS30 BUY SL HIT ❌
➖ 192 (3x) Pips
DAX BUY SL HIT ❌
➖ 92 (3x) Pips

✔️Total➕ 785 Pips 

➡️ Trades: 26✔️04❌

————————————————————

📊 Tagesreport VIP Donnerstag 📊

XAGUSD SELL TP1 HIT ✔️
➕20 Pips
XAUUSD SELL TP1 HIT ✔️
➕20 Pips
XAUUSD BUY TP1 HIT ✔️
➕20 Pips
CHFJPY BUY TP1 HIT ✔️
➕14 Pips
EURJPY SELL TP1 HIT ✔️
➕02 Pips
GBPAUD SELL TP1 HIT ✔️
➕02 Pips
GBPNZD SELL TP1 HIT ✔️
➕03 Pips"
@FREESIGNALSTOTRADEBYLENNART,60176,2026-09-21T10:29:19Z,SELL,EURGBP,,,tp1|sl,"EURGBP SELL SL HIT ❌
➖ 45 (3x) Pips

✔️Total➕ 653 Pips 

➡️ Trades: 22✔️01❌

————————————————————

📊 Tagesreport VIP Freitag 📊

WS30 BUY TP1 HIT ✔️
➕79 Pips
XAUUSD SELL TP1 HIT ✔️
➕20 Pips
XAUUSD SELL TP1 HIT ✔️
➕20 Pips
XAUUSD SELL TP1 HIT ✔️
➕20 Pips
EURJPY SELL TP1 HIT ✔️
➕09 Pips
FX.N SELL TP1 HIT ✔️
➕30 Pips
USDCAD SELL TP1 HIT ✔️
➕02 Pips
XAUUSD SELL TP2 HIT ✔️✔️
➕40 Pips
XAUUSD SELL TP2 HIT ✔️✔️
➕40 Pips"
@FREESIGNALSTOTRADEBYLENNART,60426,2026-09-23T03:39:35Z,SELL,XAUUSD,,,tp1|sl,"XAUUSD SELL TP1 HIT ✔️
➕30 Pips
EURJPY SELL TP1 HIT ✔️
➕03 Pips
XAGUSD SELL TP1 HIT ✔️
➕70 Pips
WS30 SELL TP2 HIT ✔️✔️
➕200 Pips
WS30 SELL TP2 HIT ✔️✔️
➕200 Pips
XAUUSD BUY TP2 HIT ✔️✔️
➕170 Pips
XAUUSD BUY TP2 HIT ✔️✔️
➕170 Pips
WS30 BUY TP3 HIT ✔️✔️✔️
➕579 Pips
XAUUSD SELL TP3 HIT✔️✔️✔️
➕540 Pips"
@FREESIGNALSTOTRADEBYLENNART,60428,2026-09-23T03:43:43Z,BUY,XAUUSD,,,tp1|sl,"XAUUSD BUY SL HIT ❌
➖ 210 (3x) Pips

✔️Total➕ 1578 Pips 

➡️ Trades: 19✔️01❌

————————————————————

Bei einem eurer Konten wären das:

Mit 1 LOT 
Profit: ➕15780.7💵  

Mit 0.10 LOT 
Profit: ➕1578.7💵

Mit 0.01 LOT
Profit: ➕157.87💵

—————————————————————

100% Transparenz 

Schreibe unserem Support für mehr Informationen

➡️@S2TSupport"
@FREESIGNALSTOTRADEBYLENNART,60477,2026-09-23T12:57:05Z,Short,EUR/AUD,,,tp1|sl,"📉 EUR/AUD Forex-Signal: Bärischer Druck unter 1,6000 bei starkem Austral-Dollar! 🇦🇺💶

​Das Währungspaar EUR/AUD gerät zunehmend unter Verkaufsdruck. Während sich der Australische Dollar (AUD) durch solide Rohstoffpreise und eine stützende Geldpolitik robust zeigt, fehlt dem Euro die nötige Stärke, um sich aus dem Abwärtstrend zu befreien.

​📊 Die wichtigsten technischen Key-Facts im Überblick:
​Verkaufssignal unter 1,6000: Die psychologisch wichtige Marke von 1,6000 gilt als Schlüsselbereich. Ein nachhaltiger Ausbruch unter dieses Niveau aktiviert ein klares bärisches Fortsetzungssignal. 
​Mögliche Trade-Parameter: Ein Breakout unter 1,6000 öffnet den Weg für Short-Setups mit einem Absicherungs-Stop-Loss (SL) im Bereich von 1,6100. 

​Klare Abwärtsziele (TP): Bei einem erfolgreichen Durchbruch rücken die nächsten Unterstützungsebenen bei 1,5700 als primäres Kursziel in den Fokus. 
​Trend & Indikatoren: Schwache Euro-Fundamentaldaten sowie die Stärke des AUD halten den Druck auf das Währungspaar hoch. Kurze Erholungen werden vom Markt derzeit bevorzugt für erneute Verkäufe genutzt.

​💡 Fazit:
Solange der Kurs unter der Schlüsselzone von 1,6000 verbleibt bzw. diese nach unten durchbricht, behalten die Bären klar das Kommando. Trader sollten den Support auf Wacht halten und auf ein klares Bestätigungssignal warten.

​📈 Verpasse keine Trading-Signale und Markt-Updates mehr!
Schließe dich unserer Community an für tägliche Chartanalysen, präzise Setups und Signale in Echtzeit:
​👉 Jetzt Kanal beitreten: @S2Tsupport"
@FREESIGNALSTOTRADEBYLENNART,60597,2026-09-24T08:40:01Z,Long,AUD/NZD,,,tp1|sl,"AUD/NZD Prognose: 1,23-Unterstützung im Fokus nach Rücksetzer von 1,25

​Das Währungspaar AUD/NZD steht nach einer deutlichen Korrektur vor einer Richtungsentscheidung. Nachdem der Australische Dollar gegenüber dem Neuseeland-Dollar kürzlich am Widerstand im Bereich von 1,25 gescheitert ist, testen die Notierungen nun eine zentrale Unterstützungszone nahe der Marke von 1,23.
​Rücksetzer trifft auf Schlüsselunterstützung
Der Rückgang von der psychologisch wichtigen Hürde bei 1,25 war von Gewinnmitnahmen und einer kurzfristigen Verschiebung der Zinserwartungen im australasiatischen Raum geprägt. Händler richten ihren Blick nun verstärkt auf das Niveau bei 1,23. Diese Marke dient als essenzieller Support: Ein erfolgreicher Test könnte den Weg für eine erneute Stabilisierung und eine spätere Erholung in Richtung 1,2400–1,2450 ebnen.
​Bärisches Risikoszenario
Sollten die Bären jedoch weiter Druck ausüben und das Niveau von 1,23 nachhaltig nach unten durchbrechen, droht eine Ausweitung der Korrektur. In diesem Fall rücken die nächsten Abwärtsziele im Bereich von 1,2250 sowie der tiefer liegende Support bei 1,2200 in den Mittelpunkt des Marktgeschehens.

​Fundamentale Treiber
Neben den technischen Marken bestimmen vor allem die Notenbanken RBA (Australien) und RBNZ (Neuseeland) die Dynamik. Anleger sollten auf kommende Wirtschaftsdaten zu Inflation und Arbeitsmarkt achten, da diese entscheidende Impulse für die Zinsdifferenz zwischen beiden Währungen liefern.

​Fazit für Trader
Das Zusammentreffen von Support und Trendkanal macht die Marke von 1,23 zu einer Schlüsselzone für Long- und Short-Setups. Abwarten auf klare Bestätigungssignale ist aktuell ratsam.

​🔔 Bleibe immer über alle Forex-Analysen & Setups informiert!
Tägliche Updates, Signale und Marktanalysen direkt auf dein Smartphone:
👉 Tritt jetzt unserem Telegram-Kanal bei: @S2Tsupport"
@FREESIGNALSTOTRADEBYLENNART,60606,2026-09-24T10:16:40Z,SELL,USDCAD,,,tp1|sl,"USDCAD SELL SL HIT ❌
➖ 36 (3x) Pips
USDCAD SELL SL HIT ❌
➖ 36 (3x) Pips
NAS100 SELL SL HIT ❌
➖ 214 (3x) Pips
WS30 SELL SL HIT ❌
➖ 200 (3x) Pips
DAX SELL SL HIT ❌
➖ 182 (3x) Pips
APPL.OQ SELL SL HIT ❌
➖50 (3x)Pips
APPL.OQ SELL SL HIT ❌
➖50 (3x)Pips

✔️Total➕ 495 Pips 

➡️ Trades: 31✔️07❌

————————————————————

Bei einem eurer Konten wären das:

Mit 1 LOT 
Profit: ➕4950.7💵  

Mit 0.10 LOT 
Profit: ➕495.7💵

Mit 0.01 LOT
Profit: ➕49.57💵

—————————————————————

100% Transparenz 

Schreibe unserem Support für mehr Informationen

➡️@S2TSupport"
@FREESIGNALSTOTRADEBYLENNART,60633,2026-09-24T11:45:23Z,SELL,XAUUSD,,,tp1|sl,"XAUUSD SELL TP1 HIT ✔️
➕70 Pips
AUDCAD SELL TP2 HIT ✔️✔️
➕32 Pips
AUDCAD SELL TP2 HIT ✔️✔️
➕32 Pips
SP500 SELL TP2 HIT ✔️✔️
➕33 Pips
SP500 SELL TP2 HIT ✔️✔️
➕33 Pips
DAX SELL TP3 HIT ✔️✔️✔️
➕496 Pips

NAS100 BUY SL HIT ❌
➖ 73 (3x) Pips
NAS100 BUY SL HIT ❌
➖ 72 (3x) Pips
NZDCAD BUY SL HIT ❌
➖ 20 (3x) Pips
NZDCAD BUY SL HIT ❌
➖ 20 (3x) Pips

✔️Total➕ 346 Pips 

➡️ Trades: 17✔️04❌

————————————————————

Bei einem eurer Konten wären das:

Mit 1 LOT 
Profit: ➕3460.7💵  

Mit 0.10 LOT 
Profit: ➕346.7💵

Mit 0.01 LOT
Profit: ➕34.67💵

—————————————————————

100% Transparenz 

Schreibe unserem Support für mehr Informationen

➡️@S2TSupport"
@FREESIGNALSTOTRADEBYLENNART,60763,2026-09-25T12:54:04Z,BUY,,,,symbol|tp1|sl,"📊Tagesreport VIP Donnerstag 📊

ETHUSD BUY TP1 HIT ✔️ 
➕0.01🔤Growth
BTCUSD SELL TP1 HIT ✔️ 
➕0.03🔤Growth
BTCUSD SELL TP3 HIT ✔️✔️✔️ 
➕2.73🔤Growth
BTCUSD SELL TP3 HIT ✔️✔️✔️ 
➕2.73🔤Growth

ETHUSD BUY SL HIT  ❌
➖0.03 (3x)🔤 Growth

✔️Total ➕5.41🔤

➡️Trades: 04✔️01❌

———————————————————

Bei einem eurer konten waren das:

Mit 1 LOT 
Profit: ➕50.41🔤

Mit 0,10 LOT 
Profit:  ➕5.41🔤

Mit 0,01 LOT
Profit:  ➕0.541🔤

———————————————————

100% Transparenz

Schreibe unserem Support fur mehr informationen:

➡️@S2TSupport"
@FREESIGNALSTOTRADEBYLENNART,60779,2026-09-25T14:09:09Z,SELL,XAUUSD,,,tp1|sl,"XAGUSD SELL TP1 HIT ✔️
➕70 Pips
XAUUSD SELL TP1 HIT ✔️
➕150 Pips
XAGUSD SELL TP1 HIT ✔️
➕540 Pips
XAGUSD SELL TP1 HIT ✔️
➕140 Pips
AUDCAD SELL TP3 HIT ✔️✔️✔️
➕101 Pips

EURAUD BUY SL HIT ❌
➖ 36 (3x) Pips
EURAUD BUY SL HIT ❌
➖ 36 (3x) Pips
XAUUSD BUY SL HIT ❌
➖ 50 (3x) Pips
XAUUSD BUY SL HIT ❌
➖ 50 (3x) Pips

✔️Total➕ 1580 Pips 

➡️ Trades: 25✔️04❌

————————————————————

Bei einem eurer Konten wären das:

Mit 1 LOT 
Profit: ➕15800.7💵  

Mit 0.10 LOT 
Profit: ➕1580.7💵

Mit 0.01 LOT
Profit: ➕158.07💵

—————————————————————

100% Transparenz 

Schreibe unserem Support für mehr Informationen

➡️@S2TSupport"
@FREESIGNALSTOTRADEBYLENNART,60838,2026-09-26T09:12:46Z,BUY,XAUUSD,,,tp1|sl,"WS30 BUY TP2 HIT ✔️✔️
➕199 Pips
WS30 BUY TP2 HIT ✔️✔️
➕198 Pips
XAGUSD SELL TP2 HIT ✔️✔️
➕180 Pips
XAUUSD SELL TP3 HIT ✔️✔️✔️
➕510 Pips

XAUUSD SELL SL HIT ❌
➖ 200 (3x) Pips
SP500 SELL SL HIT ❌
➖ 23 (3x) Pips

✔️Total➕ 1235 Pips 

➡️ Trades: 27✔️02❌

————————————————————

Bei einem eurer Konten wären das:

Mit 1 LOT 
Profit: ➕12350.7💵  

Mit 0.10 LOT 
Profit: ➕1235.7💵

Mit 0.01 LOT
Profit: ➕123.57💵

—————————————————————

100% Transparenz 

Schreibe unserem Support für mehr Informationen

➡️@S2TSupport"
@FREESIGNALSTOTRADEBYLENNART,61002,2026-09-28T06:46:23Z,SELL,XAUUSD,,,tp1|sl,"XAUUSD SELL TP1 HIT ✔️
➕30 Pips
EURJPY SELL TP1 HIT ✔️
➕03 Pips
XAGUSD SELL TP1 HIT ✔️
➕70 Pips
WS30 SELL TP2 HIT ✔️✔️
➕200 Pips
WS30 SELL TP2 HIT ✔️✔️
➕200 Pips
XAUUSD BUY TP2 HIT ✔️✔️
➕170 Pips
XAUUSD BUY TP2 HIT ✔️✔️
➕170 Pips
WS30 BUY TP3 HIT ✔️✔️✔️
➕579 Pips
XAUUSD SELL TP3 HIT✔️✔️✔️
➕540 Pips"
@FREESIGNALSTOTRADEBYLENNART,61003,2026-09-28T06:46:24Z,BUY,XAUUSD,,,tp1|sl,"XAUUSD BUY SL HIT ❌
➖ 210 (3x) Pips

✔️Total➕ 1578 Pips 

➡️ Trades: 19✔️01❌

————————————————————

📊 Tagesreport VIP Dienstag 📊

EURUSD SELL TP1 HIT ✔️
➕01 Pips
EURJPY SELL TP1 HIT ✔️
➕01 Pips
USDCAD SELL TP1 HIT ✔️
➕01 Pips
USDCAD SELL TP1 HIT ✔️
➕01 Pips
GBPNZD SELL TP1 HIT ✔️
➕02 Pips
GBPAUD SELL TP1 HIT ✔️
➕01 Pips
USDCHF SELL TP1 HIT ✔️
➕01 Pips
GBPUSD SELL TP1 HIT ✔️
➕07 Pips
NZDUSD SELL TP1 HIT ✔️
➕07 Pips
DAX SELL TP1 HIT ✔️
➕65 Pips
AUDUSD SELL TP2 HIT ✔️✔️
➕15 Pips"
@FREESIGNALSTOTRADEBYLENNART,61010,2026-09-28T06:46:28Z,BUY,EURAUD,,,tp1|sl,"NAS100 BUY TP1 HIT ✔️
➕67 Pips
UK100 SELL TP1 HIT ✔️
➕08 Pips
WS30 BUY TP1 HIT ✔️
➕64 Pips
WS30 BUY TP1 HIT ✔️
➕79 Pips
EURAUD SELL TP1 HIT ✔️
➕16 Pips
NAS100 BUY TP2 HIT ✔️✔️
➕118 Pips
NAS100 BUY TP2 HIT ✔️✔️
➕117 Pips
SP500 SELL TP3 HIT ✔️✔️✔️
➕113 Pips
NAS100 BUY TP3 HIT ✔️✔️✔️
➕317 Pips
XAGUSD SELL TP1 HIT ✔️
➕70 Pips
XAUUSD SELL TP1 HIT ✔️
➕150 Pips
XAGUSD SELL TP1 HIT ✔️
➕540 Pips
XAGUSD SELL TP1 HIT ✔️
➕140 Pips
AUDCAD SELL TP3 HIT ✔️✔️✔️
➕101 Pips

EURAUD BUY SL HIT ❌
➖ 36 (3x) Pips
EURAUD BUY SL HIT ❌
➖ 36 (3x) Pips
XAUUSD BUY SL HIT ❌
➖ 50 (3x) Pips
XAUUSD BUY SL HIT ❌
➖ 50 (3x) Pips

✔️Total➕ 1580 Pips 

➡️ Trades: 25✔️04❌

————————————————————"
@FREESIGNALSTOTRADEBYLENNART,61013,2026-09-28T06:47:08Z,BUY,XAUUSD,,,tp1|sl,"WS30 BUY TP2 HIT ✔️✔️
➕199 Pips
WS30 BUY TP2 HIT ✔️✔️
➕198 Pips
XAGUSD SELL TP2 HIT ✔️✔️
➕180 Pips
XAUUSD SELL TP3 HIT ✔️✔️✔️
➕510 Pips

XAUUSD SELL SL HIT ❌
➖ 200 (3x) Pips
SP500 SELL SL HIT ❌
➖ 23 (3x) Pips

✔️Total➕ 1235 Pips 

➡️ Trades: 27✔️02❌

————————————————————

Wochenzusammenfassung

✔️ Total  ➕5234 Pips  

➡️ Trades: 119✔️ 18❌

Heißt mit unserem Risk Management bei  +5234 Pips sind das ca. +52340€ diese Woche 🤯

100% Transparenz 

Schreibe unserem Support für mehr Informationen 

➡️@S2TSupport"
@FREESIGNALSTOTRADEBYLENNART,61318,2026-09-30T14:11:17Z,BUY,XAUUSD,,,tp1|sl,"WS30 BUY TP2 HIT ✔️✔️
➕203 Pips
WS30 BUY TP2 HIT ✔️✔️
➕203 Pips
SP500 SELL TP2 HIT ✔️✔️
➕12 Pips
SP500 SELL TP2 HIT ✔️✔️
➕12 Pips
XAUUSD SELL TP3 HIT ✔️✔️✔️
➕240 Pips
XAUUSD SELL TP3 HIT ✔️✔️✔️
➕240 Pips
XAUUSD SELL TP3 HIT ✔️✔️✔️
➕580 Pips
EURJPY SELL TP3 HIT ✔️✔️✔️
➕05 Pips

AUDCAD BUY SL HIT ❌
➖ 24 (3x) Pips
AUDCAD BUY SL HIT ❌
➖ 24 (3x) Pips
XAGUSD BUY SL HIT ❌
➖ 200 (3x) Pips

✔️Total➕ 1675 Pips 

➡️ Trades: 35✔️03❌

————————————————————

Bei einem eurer Konten wären das:

Mit 1 LOT 
Profit: ➕16750.7💵  

Mit 0.10 LOT 
Profit: ➕1675.7💵

Mit 0.01 LOT
Profit: ➕167.57💵

—————————————————————

100% Transparenz 

Schreibe unserem Support für mehr Informationen

➡️@S2TSupport"
@FREESIGNALSTOTRADEBYLENNART,61324,2026-09-30T14:17:48Z,BUY,EURAUD,,,tp1|sl,"EURAUD BUY SL HIT ❌
➖ 38 (3x) Pips
EURAUD BUY SL HIT ❌
➖ 38 (3x) Pips
XAUUSD SELL SL HIT ❌
➖ 50 (3x) Pips
XAUUSD SELL SL HIT ❌
➖ 50 (3x) Pips
WS30 BUY SL HIT ❌
➖ 257 (3x) Pips

Total➖ 876 Pips 

➡️ Trades: 18✔️06❌

————————————————————

Bei einem eurer Könten waren das:

Mit 1 LOT 
Profit: ➖8760.8💵  

Mit 0.10 LOT 
Profit: ➖876.8💵

Mit 0.01 LOT
Profit: ➖87.68💵

————————————————————

100% Transparenz 

Schreibe unserem Support für mehr Informationen

➡️@S2TSupport"
@FREESIGNALSTOTRADEBYLENNART,61377,2026-09-30T19:20:25Z,Sell,,,,symbol|tp1|sl,"🔥 BITCOIN ÜBER 85K 🚀 | Verkauf an starkem Widerstand – TP3 im Fokus! 📉

📈 Bitcoin hält sich weiterhin über 85.000 $ und befindet sich bereits seit fünf Wochen in der 80K-Zone – eine der stärksten Phasen seit langer Zeit.

📉 Auf dem 4-Stunden-Chart wurde ein Sell-Trade eröffnet, nachdem Bitcoin stark angestiegen ist und die wichtige Widerstandszone erreicht hat.

🎯 Zusätzlich wurde das 61,8 % Fibonacci-Level erreicht, das nun als nächstes wichtiges Ziel im Trade beobachtet wird.

💥 Der aktuelle Fokus liegt darauf, ob Bitcoin die Bewegung weiter nach unten fortsetzt und TP3 erreicht.

🚀 Starker Widerstand, 61,8 % erreicht – jetzt bleibt die Reaktion von Bitcoin entscheidend!"
@FREESIGNALSTOTRADEBYLENNART,61410,2026-10-01T08:28:35Z,BUY,XAUUSD,,,tp1|sl,"XAUUSD BUY TP3 HIT✔️✔️ ✔️
➕120 Pips

XAUUSD SELL SL HIT ❌
➖ 40 (3x) Pips
XAUUSD SELL SL HIT ❌
➖ 40 (3x) Pips

✔️Total➕ 96 Pips 

➡️ Trades: 12✔️02❌

————————————————————

Bei einem eurer Konten wären das:

Mit 1 LOT 
Profit: ➕960.7💵  

Mit 0.10 LOT 
Profit: ➕96.7💵

Mit 0.01 LOT
Profit: ➕9.67💵

—————————————————————

100% Transparenz 

Schreibe unserem Support für mehr Informationen

➡️@S2TSupport"
@FREESIGNALSTOTRADEBYLENNART,61658,2026-10-03T05:56:31Z,BUY,EURUSD,,,tp1|sl,"EURUSD BUY SL HIT ❌
➖ 32 (3x) Pips

✔️Total➕ 937 Pips 

➡️ Trades: 23✔️01❌

————————————————————

Bei einem eurer Konten wären das:

Mit 1 LOT 
Profit: ➕9370.7💵  

Mit 0.10 LOT 
Profit: ➕937.7💵

Mit 0.01 LOT
Profit: ➕93.77💵

—————————————————————

100% Transparenz 

Schreibe unserem Support für mehr Informationen

➡️@S2TSupport"
@FREESIGNALSTOTRADEBYLENNART,61715,2026-10-03T15:11:06Z,SELL,USDCAD,,,tp1|sl,"USDCAD SELL TP1 HIT✔️
➕15 Pips
USDCAD SELL TP1 HIT✔️
➕02 Pips
USDCAD SELL TP2 HIT✔️✔️
➕32 Pips
USDCAD SELL TP2 HIT✔️✔️
➕32 Pips
DAX BUY TP2 HIT ✔️✔️
➕137 Pips
DAX BUY TP2 HIT ✔️✔️
➕137 Pips
SP500 SELL TP2 HIT ✔️✔️
➕15 Pips
SP500 SELL TP2 HIT ✔️✔️
➕15 Pips
WS30 BUY TP3 HIT ✔️✔️✔️
➕653 Pips"
@FREESIGNALSTOTRADEBYLENNART,61716,2026-10-03T15:12:35Z,SELL,AUDUSD,,,tp1|sl,"AUDUSD SELL SL HIT ❌
➖ 18 (3x) Pips
NAS100 SELL SL HIT ❌
➖ 175 (3x) Pips
WS30 SELL SL HIT ❌
➖ 229 (3x) Pips

✔️Total➕ 141 Pips 

➡️ Trades: 20✔️03❌

————————————————————

Bei einem eurer Konten wären das:

Mit 1 LOT 
Profit: ➕1410.7💵  

Mit 0.10 LOT 
Profit: ➕141.7💵

Mit 0.01 LOT
Profit: ➕14.17💵

—————————————————————

100% Transparenz 

Schreibe unserem Support für mehr Informationen

➡️@S2TSupport"
@FREESIGNALSTOTRADEBYLENNART,61851,2026-10-05T07:24:54Z,SELL,GBPAUD,,,tp1|sl,"GBPAUD SELL TP2 HIT ✔️✔️
➕14 Pips
USDCHF SELL TP2 HIT ✔️✔️
➕02 Pips 
EURJPY SELL TP2 HIT ✔️✔️
➕03 Pips
XAGUSD SELL TP2 HIT ✔️✔️
➕70 Pips
XAGUSD SELL TP2 HIT ✔️✔️
➕190 Pips
XAUUSD SELL TP2 HIT ✔️✔️
➕70 Pips
WS30 BUY TP2 HIT ✔️✔️
➕203 Pips
WS30 BUY TP2 HIT ✔️✔️
➕203 Pips
SP500 SELL TP2 HIT ✔️✔️
➕12 Pips
SP500 SELL TP2 HIT ✔️✔️
➕12 Pips
XAUUSD SELL TP3 HIT ✔️✔️✔️
➕240 Pips
XAUUSD SELL TP3 HIT ✔️✔️✔️
➕240 Pips
XAUUSD SELL TP3 HIT ✔️✔️✔️
➕580 Pips
EURJPY SELL TP3 HIT ✔️✔️✔️
➕05 Pips

AUDCAD BUY SL HIT ❌
➖ 24 (3x) Pips"
@FREESIGNALSTOTRADEBYLENNART,61852,2026-10-05T07:24:55Z,BUY,AUDCAD,,,tp1|sl,"AUDCAD BUY SL HIT ❌
➖ 24 (3x) Pips
XAGUSD BUY SL HIT ❌
➖ 200 (3x) Pips

✔️Total➕ 1675 Pips 

➡️ Trades: 35✔️03❌

————————————————————

📊 Tagesreport VIP Dienstag 📊

EURJPY SELL TP1 HIT ✔️
➕10 Pips
EURJPY BUY TP1 HIT ✔️
➕07 Pips
GBPNZD SELL TP1 HIT ✔️
➕02 Pips
GBPNZD BUY TP1 HIT ✔️
➕08 Pips
EURUSD SELL TP1 HIT✔️
➕01 Pips
EURUSD SELL TP1 HIT ✔️
➕09 Pips
USDCHF SELL TP1 HIT ✔️
➕12 Pips
EURUSD SELL TP2 HIT ✔️✔️
➕21 Pips
EURUSD SELL TP2 HIT ✔️✔️
➕21 Pips
XAUUSD BUY TP1 HIT ✔️
➕20 Pips
XAGUSD SELL TP1 HIT ✔️
➕40 Pips
SP500 SELL TP1 HIT ✔️
➕52 Pips
WS30 BUY TP1 HIT ✔️
➕79 Pips
XAUUSD BUY TP2 HIT ✔️✔️
➕40 Pips
XAUUSD BUY TP2 HIT ✔️✔️
➕40 Pips
APPL.OQ SELL TP2 HIT ✔️✔️
➕30 Pips"
@FREESIGNALSTOTRADEBYLENNART,61853,2026-10-05T07:24:55Z,BUY,EURAUD,,,tp1|sl,"EURAUD BUY SL HIT ❌
➖ 38 (3x) Pips
EURAUD BUY SL HIT ❌
➖ 38 (3x) Pips
XAUUSD SELL SL HIT ❌
➖ 50 (3x) Pips
XAUUSD SELL SL HIT ❌
➖ 50 (3x) Pips
WS30 BUY SL HIT ❌
➖ 257 (3x) Pips

Total➖ 876 Pips 

➡️ Trades: 18✔️06❌

————————————————————

📊 Tagesreport VIP Mittwoch 📊

EURJPY SELL TP1 HIT ✔️
➕02 Pips
EURUSD SELL TP1 HIT✔️
➕01 Pips
GBPNZD SELL TP1 HIT ✔️
➕03 Pips
GBPAUD BUY TP1 HIT ✔️
➕07 Pips
XAGUSD SELL TP1 HIT ✔️
➕60 Pips
XAUUSD SELL TP1 HIT ✔️
➕10 Pips
XAUUSD SELL TP1 HIT ✔️
➕20 Pips
XAUUSD SELL TP2 HIT ✔️✔️
➕30 Pips"
@FREESIGNALSTOTRADEBYLENNART,61856,2026-10-05T07:24:57Z,BUY,EURUSD,,,tp1|sl,"EURUSD BUY SL HIT ❌
➖ 32 (3x) Pips

✔️Total➕ 937 Pips 

➡️ Trades: 23✔️01❌

————————————————————

📊 Tagesreport VIP Freitag 📊

EURUSD SELL TP1 HIT ✔️
➕08 Pips
EURUSD SELL TP1 HIT ✔️
➕06 Pips
USDCHF SELL TP1 HIT ✔️
➕03 Pips
GBPAUD SELL TP1 HIT✔️
➕02 Pips
GBPAUD SELL TP1 HIT✔️
➕01 Pips
EURJPY SELL TP1 HIT ✔️
➕02 Pips
AUDUSD SELL TP1 HIT ✔️
➕07 Pips
XAGUSD SELL TP1 HIT ✔️
➕120 Pips
NAS100 SELL TP1 HIT ✔️
➕46 Pips
SP500 SELL TP1 HIT ✔️
➕05 Pips
XAUUSD SELL TP2 HIT ✔️✔️
➕170 Pips"
@FREESIGNALSTOTRADEBYLENNART,61857,2026-10-05T07:24:57Z,SELL,USDCAD,,,tp1|sl,"USDCAD SELL TP1 HIT✔️
➕15 Pips
USDCAD SELL TP1 HIT✔️
➕02 Pips
USDCAD SELL TP2 HIT✔️✔️
➕32 Pips
USDCAD SELL TP2 HIT✔️✔️
➕32 Pips
DAX BUY TP2 HIT ✔️✔️
➕137 Pips
DAX BUY TP2 HIT ✔️✔️
➕137 Pips
SP500 SELL TP2 HIT ✔️✔️
➕15 Pips
SP500 SELL TP2 HIT ✔️✔️
➕15 Pips
WS30 BUY TP3 HIT ✔️✔️✔️
➕653 Pips"
@FREESIGNALSTOTRADEBYLENNART,61858,2026-10-05T07:24:58Z,SELL,AUDUSD,,,tp1|sl,"AUDUSD SELL SL HIT ❌
➖ 18 (3x) Pips
NAS100 SELL SL HIT ❌
➖ 175 (3x) Pips
WS30 SELL SL HIT ❌
➖ 229 (3x) Pips

✔️Total➕ 141 Pips 

➡️ Trades: 20✔️03❌

————————————————————

Wochenzusammenfassung

✔️ Total  ➕1973 Pips  

➡️ Trades: 108✔️ 15❌

Heißt mit unserem Risk Management bei  +1973 Pips sind das ca. +19730€ diese Woche 🤯

100% Transparenz 

Schreibe unserem Support für mehr Informationen 

➡️@S2TSupport"
@FXFARO_FREEGROUP,13669,2026-09-24T11:44:34Z,LONG,XAUUSD,,,tp1|sl,"XAUUSD > 4255 PRICE LEVEL HAS BEEN HIT. 🎯🔥

And this level is EXTREMELY important for us.

WHY?

Because several of our LONG-TERM GOLD SELL entries have now officially HIT FULL TP. 💰

These weren’t random sells.

The direction was mapped out.
The levels were planned.
We stayed patient.
And now price has finally reached our 4255 target.

FULL TP.

This is exactly why patience matters in trading.

You don’t need to chase every move.

Sometimes you just need ONE solid plan and the discipline to let it play out. 🔥"
@FXFARO_FREEGROUP,13698,2026-09-25T14:49:10Z,long,,,,symbol|tp1|sl,"7 MONTHS OF LOSING MONEY TRADING...

AND NOW LOGAN JUST RECEIVED A $4,852.30 PAYOUT. 🤯💰

$50K FUNDED ACCOUNT
$4,852.30 PAYOUT
ROI: +9.70%

For 7 months, Logan was consistently losing.

Random signal groups.
TP1, TP2, TP3.
Jumping from one setup to another.
Never building any real consistency.

Eventually, you have to ask yourself:

How long are you going to keep doing the SAME thing and expect a different result?

Logan changed his approach.

Now his funded account is under our management, and instead of chasing signals himself, he’s working toward consistent payouts.

Today: $4,852.30 OUT. 💰

Now the focus is NOT trying to recover everything overnight.

It’s stacking payouts, protecting the funded account and rebuilding step by step.

Onto the next payout. 🔥 @fxfaro"
@FXFARO_FREEGROUP,13699,2026-09-25T22:46:58Z,LONG,,,,symbol|tp1|sl,"IS OUR FUNDED MANAGEMENT A SCAM? 

That’s EXACTLY what EMILY was thinking too...

Until TODAY.

$9,246.30 PAYOUT 💰
$200K FUNDED ACCOUNT
2-WEEK WINDOW
ROI: +4.62%

Emily hesitated for a LONG time before starting.

She kept watching the results.
Kept doubting.
Kept wondering if funded management could actually work for her.

Eventually, she decided to give it a shot.

And today?

$9,246.30 PAYOUT.

Now the only thing she regrets is not starting EARLIER. 😂

Don’t believe one screenshot.

Go through the funded results from the past 2 years and judge for yourself:

t.me/fxfarofundedresults"
@REALNATEFXC,5091,2026-09-21T13:33:17Z,Sell,XAU/USD,,4380.0,tp1,"Sell now TRADE XAU/USD 

4355-4360

📍Stop Loss: 4380

Target: open 

This is not financial advice. This is a personal trade idea shared for educational and informational purposes only."
@REALNATEFXC,5109,2026-09-22T13:31:00Z,BUY,XAU/USD,,4310.0,tp1,"BUY TRADE XAU/USD 

4328.0-4330

📍Stop Loss: 4310

Target: open 

This is not financial advice. This is a personal trade idea shared for educational and informational purposes only."
@REALNATEFXC,5130,2026-09-23T11:13:31Z,SELL,XAU/USD,,4335.0,tp1,"SELL TRADE XAU/USD 

4316.80-4320

📍Stop Loss: 4335.0

Target: open 

This is not financial advice. This is a personal trade idea shared for educational and informational purposes only."
@REALNATEFXC,5174,2026-09-28T11:05:54Z,SELL,XAU/USD,,4179.0,tp1,"SELL TRADE XAU/USD 

4151.8-4155.0

📍Stop Loss: 4179.0

Target: open 

This is not financial advice. This is a personal trade idea shared for educational and informational purposes only."
@REALNATEFXC,5191,2026-09-29T08:13:01Z,BUY,XAU/USD,,4115.0,tp1,"BUY TRADE XAU/USD

(Temp position) 

4135.0-4138.3

📍Stop Loss: 4115.0

Target: open 

This is not financial advice. This is a personal trade idea shared for educational and informational purposes only."
@REALNATEFXC,5210,2026-09-30T14:05:48Z,SELL,XAU/USD,,4215.0,tp1,"SELL LIMIT TRADE XAU/USD 

4191.0

📍Stop Loss: 4215

Target: open 

This is not financial advice. This is a personal trade idea shared for educational and informational purposes only."
@REALNATEFXC,5226,2026-10-01T14:42:22Z,BUY,XAU/USD,,4151.0,tp1,"BUY TRADE XAU/USD

(Temp position) 

4166.0-4167.0

📍Stop Loss: 4151.0

Target: open 

This is not financial advice. This is a personal trade idea shared for educational and informational purposes only."
@REALNATEFXC,5240,2026-10-02T13:32:02Z,BUY,XAU/USD,,4170.0,tp1,"BUY TRADE XAU/USD

4188-4190

📍Stop Loss: 4170

Target: open 

This is not financial advice. This is a personal trade idea shared for educational and informational purposes only."
@TAURUSTRADERSSIGNALE,39888,2026-09-22T17:40:08Z,buy,,,,symbol|tp1|sl,"⚡️⚡️⚡️⚡️  DER GRÖSSTE RABATT ALLER ZEITEN FÜR EIN FINANZIERTES KONTO

€247 statt €1.997

⚠️ €1.750 Rabatt | 100% Bestehensgarantie

👇Sichern Sie sich jetzt Ihr Exemplar:

https://buy.stripe.com/3cIbJ3cs46Mx0mW93R4AU0U"
@TAURUSTRADERSSIGNALE,39910,2026-09-23T11:33:30Z,buy,,,,symbol|tp1|sl,Remove buy-limit of 4304.
@TOPNOTCHFOREXFREE,23734,2026-09-10T16:30:19Z,long,,,,symbol|tp1|sl,"🤝 It takes ONE good decision 📈

Before: Serving people and making coffees, earning €8,00 per hour blowing accounts in my free time

Now: Six figure months, automating stratgies and helping thousands 💪

My number 1 lesson? Stop wanting things now and invest long-term 📆

👉 The right decision is one click away, stop watching & waiting 🪙"
@TOPNOTCHFOREXFREE,23778,2026-09-15T17:41:27Z,long,,,,symbol|tp1|sl,"🤝 It takes ONE good decision 📈

Before: Serving people and making coffees, earning €8,00 per hour blowing accounts in my free time

Now: Six figure months, automating stratgies and helping thousands 💪

My number 1 lesson? Stop wanting things now and invest long-term 📆

👉 The right decision is one click away, stop watching & waiting 🪙"
@TOPNOTCHFOREXFREE,23838,2026-09-22T18:36:08Z,long,,,,symbol|tp1|sl,"🤝 It takes ONE good decision 📈

Before: Serving people and making coffees, earning €8,00 per hour blowing accounts in my free time

Now: Six figure months, automating stratgies and helping thousands 💪

My number 1 lesson? Stop wanting things now and invest long-term 📆

👉 The right decision is one click away, stop watching & waiting 🪙"
@TOPNOTCHFOREXFREE,23873,2026-09-25T17:15:01Z,long,,,,symbol|tp1|sl,"🤝 It takes ONE good decision 📈

Before: Serving people and making coffees, earning €8,00 per hour blowing accounts in my free time

Now: Six figure months, automating stratgies and helping thousands 💪

My number 1 lesson? Stop wanting things now and invest long-term 📆

👉 The right decision is one click away, stop watching & waiting 🪙"
@fxtradingvision,84360,2026-09-04T07:08:55Z,sell,gold,,,tp1|sl,Open one extra gold sell here at @ 4468
@fxtradingvision,84447,2026-09-04T16:15:18Z,SELL,XAUUSD,4435.0,4360.0,level-contradiction,"NEW TRADE IDEA

XAUUSD SELL 4439

TP 1 4435
TP 2 4434
TP 3 4400

SL @ 4360

Trade accordingly and only trade with money you can afford to LOSE."
@fxtradingvision,85819,2026-09-21T12:05:05Z,sell,gold,,,tp1|sl,"The VIP had gold buys from 4359 until the gold sell limit area.

We banked + 100 pips profit and entered the gold sell.

Which is what I call a master play."
@fxtradingvision,85857,2026-09-21T15:41:32Z,sell,,,,symbol|tp1|sl,"The second sell-limit was perfectly timed.

If it didn’t hit for you by 0.10 price action, you know what to do next time.

It exactly started dropping around 4356."
@fxtradingvision,85905,2026-09-22T09:06:02Z,sell,gold,,,tp1|sl,"Like if you caugh this gold sell at 4333?

The entry was perfectly timed again."
@fxtradingvision,85941,2026-09-22T11:05:03Z,buy,,,,symbol|tp1|sl,"⚡️⚡️⚡️⚡️  BIGGEST FUNDED ACCOUNT PASSING DISCOUNT EVER 

247 instead of €1.997

⚠️ €1.750 OFF | 100% Guaranteed Pass

👇Secure yours now: 

https://buy.stripe.com/3cIbJ3cs46Mx0mW93R4AU0U"
@fxtradingvision,85946,2026-09-22T11:25:21Z,buy,,,,symbol|tp1|sl,"⚡️⚡️⚡️⚡️  BIGGEST FUNDED ACCOUNT PASSING DISCOUNT EVER 

247 instead of €1.997

⚠️ €1.750 OFF | 100% Guaranteed Pass

👇Secure yours now: 

https://buy.stripe.com/3cIbJ3cs46Mx0mW93R4AU0U"
@fxtradingvision,86047,2026-09-23T10:22:35Z,buy,Gold,,,tp1|sl,"Remove buy-limit.

Gold started pumping from 4308."
@fxtradingvision,86208,2026-09-26T22:41:31Z,sell,,,,symbol|tp1|sl,"#BTC $85K and #ETH $2,700 these are two hard resistance levels right now.

Failing to break and hold above them could trigger a major sell off."
@fxtradingvision,86302,2026-09-29T11:39:31Z,sell,gold,,,tp1|sl,We will sell gold around 4180 wait for my sign.
@phenexbillions,6798,2026-09-05T18:15:29Z,buy,,,,symbol|tp1|sl,Im buy seit 4298
@phenexbillions,7242,2026-09-30T08:05:33Z,Sell,,,4200.0,symbol|tp1,"SL bei 4200 gut gehalten.
Vorhin 3 mal im Sell gewesen aber immer BE spätestens raus. Bei der Price Action geh ich gerne schneller +-0 raus 🤞"
@wolfxsignals,195,2022-04-09T16:17:10Z,Sell,,,,symbol|tp1|sl,"UST/USDT [Binance]
Big Whales Sell Activity 🔴
9.4M UST have been sold
💰Price: 1.00 USDT (0.01%)
🚨Order Size: 9,398,609 USDT (5.69%)
⏳Duration: 13 minutes
📊24h Vol: 165.09M USDT"
