channel,message_id,timestamp_utc,direction,symbol,entry_stated,entry_price,tp1,tp2,tp3,sl,outcome,exit_time_utc,exit_price,points_gross,cost_points,points_net,risk_points,pips_net,r_multiple,basis_points,entry_mode,slippage_points,outcome_iso,points_net_iso,r_multiple_iso,model_version,bars_held,same_candle_conflict,tp2_hit,tp3_hit,best_price_reached,scored_at_utc
@fxtradingvision,84212,2026-09-02T14:09:23Z,LONG,XAUUSD,4394.0,4437.8,4398.0,4399.0,4430.0,4370.0,LOSS,2026-09-02T15:15:00Z,4418.5,-19.3,3.0,-22.3,67.7998,-223.0,-0.329,48.5,market,-4.7,WIN,1.0,0.042,2-basis-dual,14,no,yes,yes,4444.4,2026-09-21T11:04:47Z
@fxtradingvision,84239,2026-09-03T08:11:14Z,LONG,XAUUSD,4434.0,4477.3,4438.0,4439.0,4480.0,4310.0,WIN,2026-09-03T08:45:00Z,4486.1,8.8,3.0,5.8,167.2998,58.0,0.035,48.1,market,-4.8,WIN,1.0,0.008,2-basis-dual,7,no,yes,yes,4558.5,2026-09-21T11:04:47Z
@fxtradingvision,84255,2026-09-03T09:57:09Z,LONG,XAUUSD,4425.0,4474.1,4429.0,4430.0,4475.0,4400.0,WIN,2026-09-03T11:05:00Z,4476.7,2.6,3.0,-0.4,74.1001,-4.0,-0.005,47.7,market,1.4,WIN,1.0,0.04,2-basis-dual,14,no,yes,yes,4558.5,2026-09-21T11:04:47Z
@fxtradingvision,84278,2026-09-03T11:37:08Z,LONG,XAUUSD,4435.0,4481.8,4439.0,4440.0,4475.0,4410.0,WIN,2026-09-03T11:45:00Z,4486.5,4.7,3.0,1.7,71.7998,17.0,0.024,47.5,market,-0.7,WIN,1.0,0.04,2-basis-dual,2,no,yes,yes,4558.5,2026-09-21T11:04:47Z
@fxtradingvision,84311,2026-09-03T13:46:48Z,LONG,XAUUSD,4464.0,4505.1,4468.0,4469.0,4500.0,4440.0,WIN,2026-09-03T13:55:00Z,4515.05,9.95,3.0,6.95,65.1001,69.5,0.107,47.05,market,-5.95,WIN,1.0,0.042,2-basis-dual,2,no,yes,yes,4558.5,2026-09-21T11:04:47Z
@fxtradingvision,84317,2026-09-03T14:54:33Z,LONG,XAUUSD,4475.0,4523.5,4479.0,4480.0,4500.0,4455.0,WIN,2026-09-03T14:55:00Z,4526.3,2.8,3.0,-0.2,68.5,-2.0,-0.003,47.3,market,1.2,WIN,1.0,0.05,2-basis-dual,1,no,yes,yes,4558.5,2026-09-21T11:04:47Z
@fxtradingvision,84358,2026-09-04T06:59:07Z,SHORT,XAUUSD,4462.0,4509.3,4458.0,4457.0,4430.0,4480.0,LOSS,2026-09-04T07:40:00Z,4526.8,-17.5,3.0,-20.5,29.2998,-205.0,-0.7,46.8,market,0.5,LOSS,-21.0,-1.167,2-basis-dual,9,no,no,no,4508.0,2026-09-21T11:04:47Z
@fxtradingvision,84365,2026-09-04T07:37:35Z,SHORT,XAUUSD,4476.0,4521.9,4472.0,4471.0,4430.0,4500.0,WIN,2026-09-04T09:10:00Z,4518.35,3.55,3.0,0.55,21.8999,5.5,0.025,46.35,market,-0.45,WIN,1.0,0.042,2-basis-dual,19,no,yes,yes,4412.0,2026-09-21T11:04:47Z
@fxtradingvision,84394,2026-09-04T12:42:05Z,LONG,XAUUSD,4398.0,4440.6,4402.0,4403.0,4430.0,4375.0,WIN,2026-09-04T12:50:00Z,4447.2,6.6,3.0,3.6,65.6001,36.0,0.055,45.2,market,-2.6,WIN,1.0,0.043,2-basis-dual,2,no,yes,yes,4456.9,2026-09-21T11:04:47Z
@fxtradingvision,84398,2026-09-04T12:48:47Z,SHORT,XAUUSD,4385.0,4443.2,4381.0,4380.0,4350.0,4410.0,LOSS,2026-09-04T12:50:00Z,4455.2,-12.0,3.0,-15.0,33.2002,-150.0,-0.452,45.2,market,13.0,WIN,1.0,0.04,2-basis-dual,1,no,no,no,4442.3,2026-09-21T11:04:47Z
@fxtradingvision,84410,2026-09-04T13:29:54Z,LONG,XAUUSD,4412.0,4459.7,4416.0,4417.0,4450.0,4390.0,WIN,2026-09-04T13:30:00Z,4461.2,1.5,3.0,-1.5,69.7002,-15.0,-0.022,45.2,market,2.5,WIN,1.0,0.045,2-basis-dual,1,no,yes,yes,4496.2,2026-09-21T11:04:47Z
@fxtradingvision,84413,2026-09-04T13:34:50Z,LONG,XAUUSD,4416.0,4460.9,4420.0,4421.0,4450.0,4390.0,WIN,2026-09-04T13:40:00Z,4465.2,4.3,3.0,1.3,70.8999,13.0,0.018,45.2,market,-0.3,WIN,1.0,0.038,2-basis-dual,2,no,yes,yes,4496.2,2026-09-21T11:04:47Z
@fxtradingvision,84611,2026-09-08T07:25:32Z,SHORT,XAUUSD,4402.0,4446.6,4398.0,4397.0,4370.0,4425.0,WIN,2026-09-08T07:35:00Z,4442.0,4.6,3.0,1.6,21.6001,16.0,0.074,44.0,market,0.6,WIN,1.0,0.043,2-basis-dual,2,no,yes,no,4381.0,2026-09-21T11:04:47Z
@fxtradingvision,84618,2026-09-08T07:49:18Z,SHORT,XAUUSD,4396.0,4437.7,4392.0,4391.0,4370.0,4420.0,WIN,2026-09-08T07:50:00Z,4436.0,1.7,3.0,-1.3,17.7002,-13.0,-0.073,44.0,market,-2.3,WIN,1.0,0.042,2-basis-dual,1,no,yes,no,4381.0,2026-09-21T11:04:47Z
@fxtradingvision,84626,2026-09-08T08:09:02Z,SHORT,XAUUSD,4391.0,4432.6,4387.0,4386.0,4360.0,4410.0,WIN,2026-09-08T12:15:00Z,4431.0,1.6,3.0,-1.4,22.6001,-14.0,-0.062,44.0,market,-2.4,LOSS,-22.0,-1.158,2-basis-dual,50,no,no,no,4429.5,2026-09-21T11:04:47Z
@fxtradingvision,84630,2026-09-08T09:51:26Z,SHORT,XAUUSD,4405.0,4449.0,4401.0,4400.0,4370.0,4425.0,WIN,2026-09-08T10:00:00Z,4445.15,3.85,3.0,0.85,24.0,8.5,0.035,44.15,market,-0.15,WIN,1.0,0.05,2-basis-dual,2,no,yes,no,4381.0,2026-09-21T11:04:47Z
@fxtradingvision,84638,2026-09-08T11:34:26Z,SHORT,XAUUSD,4405.0,4449.3,4401.0,4400.0,4370.0,4435.0,WIN,2026-09-08T11:45:00Z,4445.0,4.3,3.0,1.3,14.2998,13.0,0.091,44.0,market,0.3,WIN,1.0,0.033,2-basis-dual,3,no,yes,no,4381.0,2026-09-21T11:04:47Z
@fxtradingvision,84644,2026-09-08T12:22:40Z,SHORT,XAUUSD,4394.0,4439.3,4390.0,4389.0,4360.0,4415.0,WIN,2026-09-08T14:50:00Z,4433.9,5.4,3.0,2.4,24.2998,24.0,0.099,43.9,market,1.4,WIN,1.0,0.048,2-basis-dual,30,no,yes,no,4381.0,2026-09-21T11:04:47Z
@fxtradingvision,84648,2026-09-08T13:01:43Z,LONG,XAUUSD,4406.0,4450.6,4410.0,4412.0,4440.0,4380.0,WIN,2026-09-08T13:15:00Z,4453.9,3.3,3.0,0.3,70.6001,3.0,0.004,43.9,market,0.7,WIN,1.0,0.038,2-basis-dual,3,no,yes,yes,4455.5,2026-09-21T11:04:47Z
@fxtradingvision,84665,2026-09-08T16:05:02Z,LONG,XAUUSD,4392.0,4426.2,4396.0,4397.0,4430.0,4370.0,WIN,2026-09-08T16:25:00Z,4439.9,13.7,3.0,10.7,56.2002,107.0,0.19,43.9,market,-9.7,WIN,1.0,0.045,2-basis-dual,4,no,yes,yes,4448.6,2026-09-21T11:04:47Z
@fxtradingvision,84681,2026-09-08T17:36:14Z,SHORT,XAUUSD,4393.0,4433.9,4389.0,4388.0,4360.0,4415.0,WIN,2026-09-08T17:40:00Z,4432.9,1.0,3.0,-2.0,18.8999,-20.0,-0.106,43.9,market,-3.0,WIN,1.0,0.045,2-basis-dual,1,no,yes,no,4381.0,2026-09-21T11:04:47Z
@fxtradingvision,84685,2026-09-08T17:49:34Z,SHORT,XAUUSD,4388.0,4431.9,4384.0,4383.0,4360.0,4415.0,WIN,2026-09-08T18:30:00Z,4427.9,4.0,3.0,1.0,16.8999,10.0,0.059,43.9,market,0.0,WIN,1.0,0.037,2-basis-dual,9,no,yes,no,4381.0,2026-09-21T11:04:47Z
@fxtradingvision,84693,2026-09-08T18:55:30Z,SHORT,XAUUSD,4369.0,4420.2,4365.0,4364.0,4330.0,4395.0,WIN,2026-09-08T19:30:00Z,4408.9,11.3,3.0,8.3,25.2002,83.0,0.329,43.9,market,7.3,WIN,1.0,0.038,2-basis-dual,7,no,no,no,4381.0,2026-09-21T11:04:47Z
@fxtradingvision,84721,2026-09-09T07:04:58Z,SHORT,XAUUSD,4402.0,4445.2,4398.0,4397.0,4360.0,4425.0,WIN,2026-09-09T09:15:00Z,4441.9,3.3,3.0,0.3,20.2002,3.0,0.015,43.9,market,-0.7,WIN,1.0,0.043,2-basis-dual,27,no,no,no,4430.0,2026-09-21T11:04:47Z
@fxtradingvision,84723,2026-09-09T07:48:09Z,LONG,XAUUSD,4410.0,4455.1,4414.0,4415.0,4440.0,4385.0,WIN,2026-09-09T11:45:00Z,4457.1,2.0,3.0,-1.0,70.1001,-10.0,-0.014,43.1,market,2.0,LOSS,-28.0,-1.12,2-basis-dual,48,no,yes,yes,4479.0,2026-09-21T11:04:47Z
@TOPNOTCHFOREXFREE,23713,2026-09-09T07:52:31Z,SHORT,XAUUSD,4409.6,4452.7,4407.3,4404.2,4394.2,4425.0,WIN,2026-09-09T08:00:00Z,4450.4,2.3,3.0,-0.7,27.7002,-7.0,-0.025,43.1,market,0.0,WIN,-0.7,-0.045,2-basis-dual,2,no,no,no,4430.0,2026-09-21T11:04:47Z
@fxtradingvision,84730,2026-09-09T08:55:18Z,LONG,XAUUSD,4402.0,4444.8,4406.0,4407.0,4440.0,4375.0,WIN,2026-09-09T11:20:00Z,4449.1,4.3,3.0,1.3,69.7998,13.0,0.019,43.1,market,-0.3,WIN,1.0,0.037,2-basis-dual,29,no,yes,yes,4479.9,2026-09-21T11:04:47Z
@fxtradingvision,84754,2026-09-09T12:38:36Z,LONG,XAUUSD,4394.0,4435.6,4398.0,4399.0,4420.0,4370.0,WIN,2026-09-09T12:45:00Z,4441.1,5.5,3.0,2.5,65.6001,25.0,0.038,43.1,market,-1.5,WIN,1.0,0.042,2-basis-dual,2,no,yes,yes,4479.9,2026-09-21T11:04:47Z
@fxtradingvision,84781,2026-09-09T14:36:57Z,LONG,XAUUSD,4424.0,4470.1,4428.0,4429.0,4455.0,4400.0,WIN,2026-09-09T14:40:00Z,4470.8,0.7,3.0,-2.3,70.1001,-23.0,-0.033,42.8,market,3.3,LOSS,-27.0,-1.125,2-basis-dual,1,no,yes,yes,4477.0,2026-09-21T11:04:47Z
@fxtradingvision,84853,2026-09-10T07:27:30Z,LONG,XAUUSD,4409.0,4452.1,4413.0,4414.0,4440.0,4385.0,WIN,2026-09-10T07:45:00Z,4455.4,3.3,3.0,0.3,67.1001,3.0,0.004,42.4,market,0.7,WIN,1.0,0.042,2-basis-dual,4,no,yes,yes,4458.7,2026-09-21T11:04:47Z
@TOPNOTCHFOREXFREE,23724,2026-09-10T08:18:24Z,SHORT,XAUUSD,4406.1,4449.0,4404.0,4401.2,4392.2,4420.0,WIN,2026-09-10T08:30:00Z,4446.15,2.85,3.0,-0.15,29.0,-1.5,-0.005,42.15,market,0.75,WIN,-0.9,-0.065,2-basis-dual,3,no,yes,yes,4333.0,2026-09-21T11:04:47Z
@fxtradingvision,84871,2026-09-10T09:35:10Z,SHORT,XAUUSD,4392.0,4433.4,4388.0,4387.0,4360.0,4410.0,WIN,2026-09-10T10:30:00Z,4430.15,3.25,3.0,0.25,23.3999,2.5,0.011,42.15,market,-0.75,WIN,1.0,0.056,2-basis-dual,11,no,yes,yes,4333.0,2026-09-21T11:04:47Z
@fxtradingvision,84939,2026-09-10T15:19:54Z,SHORT,XAUUSD,4364.0,4405.6,4360.0,4359.0,4330.0,4390.0,WIN,2026-09-10T16:05:00Z,4401.85,3.75,3.0,0.75,15.6001,7.5,0.048,41.85,market,-0.25,WIN,1.0,0.038,2-basis-dual,10,no,yes,no,4333.0,2026-09-21T11:04:47Z
@WOLFXSIGNALS_FREEGROUP,11597,2026-09-10T16:15:08Z,SHORT,XAUUSD,4360.0,4401.7,4358.0,4355.0,4350.0,4368.0,WIN,2026-09-10T16:30:00Z,4399.85,1.85,3.0,-1.15,33.7002,-11.5,-0.034,41.85,market,-0.15,WIN,-1.0,-0.125,2-basis-dual,3,no,no,no,4397.9,2026-09-21T11:04:47Z
@fxtradingvision,84957,2026-09-10T17:45:03Z,SHORT,XAUUSD,4359.0,4399.5,4355.0,4354.0,4320.0,4380.0,WIN,2026-09-10T17:55:00Z,4396.8,2.7,3.0,-0.3,19.5,-3.0,-0.015,41.8,market,-1.3,WIN,1.0,0.048,2-basis-dual,2,no,yes,no,4333.0,2026-09-21T11:04:47Z
@TOPNOTCHFOREXFREE,23738,2026-09-11T07:16:42Z,SHORT,XAUUSD,4350.6,4392.0,4348.4,4345.4,4335.7,4365.5,WIN,2026-09-11T07:20:00Z,4390.2,1.8,3.0,-1.2,26.5,-12.0,-0.045,41.8,market,-0.4,WIN,-0.8,-0.054,2-basis-dual,1,no,yes,yes,4333.0,2026-09-21T11:04:47Z
@fxtradingvision,84989,2026-09-11T07:51:32Z,SHORT,XAUUSD,4343.0,4384.2,4339.0,4338.0,4300.0,4360.0,WIN,2026-09-11T10:55:00Z,4380.75,3.45,3.0,0.45,24.2002,4.5,0.019,41.75,market,-0.55,WIN,1.0,0.059,2-basis-dual,37,no,yes,no,4333.0,2026-09-21T11:04:47Z
@fxtradingvision,85010,2026-09-11T12:36:26Z,SHORT,XAUUSD,4336.0,4391.2,4332.0,4331.0,4300.0,4365.0,LOSS,2026-09-11T12:45:00Z,4406.7,-15.5,3.0,-18.5,26.2002,-185.0,-0.706,41.7,market,13.5,LOSS,-32.0,-1.103,2-basis-dual,2,no,no,no,4390.5,2026-09-21T11:04:47Z
@fxtradingvision,85013,2026-09-11T12:40:36Z,SHORT,XAUUSD,4351.0,4395.6,4347.0,4346.0,4320.0,4380.0,LOSS,2026-09-11T12:50:00Z,4421.7,-26.1,3.0,-29.1,15.6001,-291.0,-1.865,41.7,market,2.9,LOSS,-32.0,-1.103,2-basis-dual,2,no,no,no,4394.1,2026-09-21T11:04:47Z
@fxtradingvision,85018,2026-09-11T12:52:32Z,SHORT,XAUUSD,4376.0,4419.9,4372.0,4371.0,4330.0,4400.0,LOSS,2026-09-11T13:35:00Z,4441.7,-21.8,3.0,-24.8,19.8999,-248.0,-1.246,41.7,market,2.2,LOSS,-27.0,-1.125,2-basis-dual,9,no,no,no,4418.7,2026-09-21T11:04:47Z
@fxtradingvision,85027,2026-09-11T13:44:20Z,SHORT,XAUUSD,4390.0,4436.9,4386.0,4385.0,4360.0,4420.0,WIN,2026-09-11T14:00:00Z,4427.7,9.2,3.0,6.2,16.8999,62.0,0.367,41.7,market,5.2,WIN,1.0,0.033,2-basis-dual,4,no,yes,no,4384.9,2026-09-21T11:04:47Z
@fxtradingvision,85033,2026-09-11T14:07:42Z,SHORT,XAUUSD,4389.0,4429.7,4385.0,4384.0,4360.0,4415.0,WIN,2026-09-11T14:10:00Z,4426.7,3.0,3.0,0.0,14.7002,0.0,0.0,41.7,market,-1.0,WIN,1.0,0.038,2-basis-dual,1,no,no,no,4384.9,2026-09-21T11:04:47Z
@fxtradingvision,85039,2026-09-11T14:16:10Z,SHORT,XAUUSD,4384.0,4425.0,4380.0,4379.0,4350.0,4410.0,WIN,2026-09-11T14:20:00Z,4421.7,3.3,3.0,0.3,15.0,3.0,0.02,41.7,market,-0.7,WIN,1.0,0.038,2-basis-dual,1,no,no,no,4384.9,2026-09-21T11:04:47Z
@fxtradingvision,85049,2026-09-11T14:26:18Z,SHORT,XAUUSD,4377.0,4417.2,4373.0,4372.0,4340.0,4405.0,WIN,2026-09-11T14:30:00Z,4414.7,2.5,3.0,-0.5,12.2002,-5.0,-0.041,41.7,market,-1.5,WIN,1.0,0.036,2-basis-dual,1,no,no,no,4384.9,2026-09-21T11:04:47Z
@fxtradingvision,85055,2026-09-11T14:34:00Z,SHORT,XAUUSD,4375.0,4413.3,4371.0,4370.0,4340.0,4405.0,WIN,2026-09-11T14:35:00Z,4412.7,0.6,3.0,-2.4,8.2998,-24.0,-0.289,41.7,market,-3.4,WIN,1.0,0.033,2-basis-dual,1,no,no,no,4384.9,2026-09-21T11:04:47Z
@fxtradingvision,85066,2026-09-11T14:52:12Z,SHORT,XAUUSD,4380.0,4419.8,4376.0,4375.0,4340.0,4410.0,WIN,2026-09-11T14:55:00Z,4417.7,2.1,3.0,-0.9,9.7998,-9.0,-0.092,41.7,market,-1.9,WIN,1.0,0.033,2-basis-dual,1,no,no,no,4384.9,2026-09-21T11:04:47Z
@fxtradingvision,85210,2026-09-14T06:52:11Z,SHORT,XAUUSD,4323.0,4363.5,4319.0,4318.0,4290.0,4345.0,WIN,2026-09-14T07:00:00Z,4359.85,3.65,3.0,0.65,18.5,6.5,0.035,40.85,market,-0.35,WIN,1.0,0.045,2-basis-dual,2,no,yes,no,4293.0,2026-09-21T11:04:47Z
@fxtradingvision,85213,2026-09-14T07:15:06Z,SHORT,XAUUSD,4325.0,4363.4,4321.0,4320.0,4290.0,4345.0,WIN,2026-09-14T07:20:00Z,4361.7,1.7,3.0,-1.3,18.3999,-13.0,-0.071,40.7,market,-2.3,WIN,1.0,0.05,2-basis-dual,1,no,yes,no,4293.0,2026-09-21T11:04:47Z
@fxtradingvision,85221,2026-09-14T07:33:38Z,SHORT,XAUUSD,4319.0,4357.5,4315.0,4314.0,4280.0,4345.0,WIN,2026-09-14T07:35:00Z,4355.7,1.8,3.0,-1.2,12.5,-12.0,-0.096,40.7,market,-2.2,WIN,1.0,0.038,2-basis-dual,1,no,yes,no,4293.0,2026-09-21T11:04:47Z
@TOPNOTCHFOREXFREE,23756,2026-09-14T07:34:33Z,SHORT,XAUUSD,4317.0,4357.5,4314.8,4311.9,4302.5,4331.5,WIN,2026-09-14T07:50:00Z,4355.5,2.0,3.0,-1.0,26.0,-10.0,-0.038,40.7,market,-0.2,WIN,-0.8,-0.055,2-basis-dual,4,no,yes,yes,4293.0,2026-09-21T11:04:47Z
@fxtradingvision,85234,2026-09-14T10:24:14Z,LONG,XAUUSD,4287.0,4328.8,4291.0,4292.0,4250.0,4265.0,WIN,2026-09-14T10:25:00Z,4331.5,2.7,3.0,-0.3,63.7998,-3.0,-0.005,40.5,market,1.3,WIN,1.0,0.045,2-basis-dual,1,no,yes,yes,4337.7,2026-09-21T11:04:47Z
@fxtradingvision,85251,2026-09-14T12:14:22Z,LONG,XAUUSD,4293.0,4334.9,4297.0,4398.0,4330.0,4270.0,WIN,2026-09-14T12:15:00Z,4337.5,2.6,3.0,-0.4,64.8999,-4.0,-0.006,40.5,market,1.4,LOSS,-26.0,-1.13,2-basis-dual,1,no,no,yes,4337.7,2026-09-21T11:04:47Z
@TRADINGCENTRALGLOBAL,53609,2026-09-14T12:37:06Z,LONG,XAUUSD,4274.0,4317.8,4284.0,4320.0,,4264.0,WIN,2026-09-14T12:40:00Z,4324.5,6.7,3.0,3.7,53.7998,37.0,0.069,40.5,market,3.3,LOSS,-13.0,-1.3,2-basis-dual,1,no,yes,,4326.8,2026-09-21T11:04:47Z
@fxtradingvision,85253,2026-09-14T12:37:20Z,LONG,XAUUSD,4275.0,4317.8,4279.0,4380.0,4310.0,4260.0,WIN,2026-09-14T12:40:00Z,4319.5,1.7,3.0,-1.3,57.7998,-13.0,-0.022,40.5,market,2.3,WIN,1.0,0.067,2-basis-dual,1,no,no,yes,4326.8,2026-09-21T11:04:47Z
@fxtradingvision,85264,2026-09-14T13:11:53Z,SHORT,XAUUSD,4266.0,4306.0,4262.0,4261.0,4230.0,4295.0,LOSS,2026-09-14T15:35:00Z,4335.5,-29.5,3.0,-32.5,11.0,-325.0,-2.955,40.5,market,-0.5,LOSS,-32.0,-1.103,2-basis-dual,29,no,no,no,4303.7,2026-09-21T11:04:47Z
@fxtradingvision,85272,2026-09-14T13:40:11Z,SHORT,XAUUSD,4273.0,4314.7,4269.0,4268.0,4230.0,4300.0,WIN,2026-09-14T13:55:00Z,4309.5,5.2,3.0,2.2,14.7002,22.0,0.15,40.5,market,1.2,WIN,1.0,0.037,2-basis-dual,3,no,no,no,4303.7,2026-09-21T11:04:47Z
@fxtradingvision,85287,2026-09-14T14:28:27Z,SHORT,XAUUSD,4268.0,4310.4,4264.0,4263.0,4230.0,4295.0,LOSS,2026-09-14T15:35:00Z,4335.5,-25.1,3.0,-28.1,15.3999,-281.0,-1.825,40.5,market,1.9,WIN,1.0,0.037,2-basis-dual,14,no,no,no,4306.0,2026-09-21T11:04:47Z
@fxtradingvision,85294,2026-09-14T15:32:23Z,SHORT,XAUUSD,4285.0,4334.5,4281.0,4280.0,4250.0,4310.0,LOSS,2026-09-14T16:45:00Z,4350.5,-16.0,3.0,-19.0,24.5,-190.0,-0.776,40.5,market,9.0,WIN,1.0,0.04,2-basis-dual,15,no,no,no,4327.2,2026-09-21T11:04:47Z
@fxtradingvision,85301,2026-09-14T16:26:29Z,SHORT,XAUUSD,4310.0,4347.0,4306.0,4305.0,4280.0,4330.0,WIN,2026-09-14T16:45:00Z,4346.5,0.5,3.0,-2.5,17.0,-25.0,-0.147,40.5,pending,-3.5,WIN,1.0,0.05,2-basis-dual,1,no,yes,no,4301.6,2026-09-21T11:04:47Z
@TOPNOTCHFOREXFREE,23769,2026-09-15T07:21:43Z,SHORT,XAUUSD,4289.8,4329.4,4287.3,4284.0,4273.1,4306.5,WIN,2026-09-15T07:35:00Z,4327.8,1.6,3.0,-1.4,22.8999,-14.0,-0.061,40.5,market,-0.9,WIN,-0.5,-0.03,2-basis-dual,3,no,no,no,4301.6,2026-09-21T11:04:47Z
@fxtradingvision,85346,2026-09-15T07:53:01Z,SHORT,XAUUSD,4280.0,4318.1,4276.0,4275.0,4250.0,4305.0,WIN,2026-09-15T08:00:00Z,4316.35,1.75,3.0,-1.25,13.1001,-12.5,-0.095,40.35,market,-2.25,WIN,1.0,0.04,2-basis-dual,2,no,no,no,4301.6,2026-09-21T11:04:47Z
@REALNATEFXC,5016,2026-09-15T10:42:48Z,LONG,XAUUSD,4274.0,4315.0,4400.0,,,4250.0,LOSS,2026-09-16T19:05:00Z,4290.1,-24.9,3.0,-27.9,65.0,-279.0,-0.429,40.1,market,0.9,LOSS,-27.0,-1.125,2-basis-dual,377,no,,,4413.1,2026-09-21T11:04:47Z
@fxtradingvision,85366,2026-09-15T12:57:04Z,SHORT,XAUUSD,4292.0,4330.2,4288.0,4287.0,4260.0,4320.0,WIN,2026-09-15T13:05:00Z,4328.2,2.0,3.0,-1.0,10.2002,-10.0,-0.098,40.2,market,-2.0,WIN,1.0,0.036,2-basis-dual,2,no,no,no,4313.0,2026-09-21T11:04:47Z
@fxtradingvision,85374,2026-09-15T16:38:22Z,LONG,XAUUSD,4294.0,4335.0,4298.0,4299.0,4320.0,4275.0,WIN,2026-09-15T16:50:00Z,4338.0,3.0,3.0,0.0,60.0,0.0,0.0,40.0,market,1.0,WIN,1.0,0.053,2-basis-dual,3,no,yes,yes,4413.1,2026-09-21T11:04:47Z
@TOPNOTCHFOREXFREE,23782,2026-09-16T07:44:08Z,LONG,XAUUSD,4337.0,4376.1,4339.4,4342.6,4353.0,4321.0,WIN,2026-09-16T09:55:00Z,4379.3,3.2,3.0,0.2,55.1001,2.0,0.004,39.9,market,-0.8,WIN,-0.6,-0.038,2-basis-dual,27,no,yes,yes,4413.1,2026-09-21T11:04:47Z
@fxtradingvision,85393,2026-09-16T08:10:18Z,LONG,XAUUSD,4324.0,4367.1,4328.0,4329.0,4350.0,4300.0,WIN,2026-09-16T08:15:00Z,4367.85,0.75,3.0,-2.25,67.1001,-22.5,-0.034,39.85,market,3.25,WIN,1.0,0.042,2-basis-dual,1,no,yes,yes,4413.1,2026-09-21T11:04:47Z
@fxtradingvision,85401,2026-09-16T09:49:43Z,LONG,XAUUSD,4341.0,4379.1,4345.0,4346.0,4370.0,4315.0,WIN,2026-09-16T10:05:00Z,4384.85,5.75,3.0,2.75,64.1001,27.5,0.043,39.85,pending,-1.75,WIN,1.0,0.038,2-basis-dual,2,no,yes,yes,4413.1,2026-09-21T11:04:47Z
@TRADINGCENTRALGLOBAL,53647,2026-09-16T11:56:48Z,SHORT,XAUUSD,4346.0,4382.8,4336.0,4300.0,,4356.0,WIN,2026-09-16T12:30:00Z,4375.85,6.95,3.0,3.95,26.7998,39.5,0.147,39.85,market,-3.05,LOSS,-13.0,-1.3,2-basis-dual,7,no,no,,4375.0,2026-09-21T11:04:47Z
@fxtradingvision,85410,2026-09-16T12:10:47Z,LONG,XAUUSD,4354.0,4389.7,4358.0,4359.0,4390.0,4335.0,WIN,2026-09-16T13:10:00Z,4397.85,8.15,3.0,5.15,54.7002,51.5,0.094,39.85,pending,-4.15,WIN,1.0,0.053,2-basis-dual,1,no,yes,yes,4402.9,2026-09-21T11:04:47Z
@REALNATEFXC,5038,2026-09-16T12:38:17Z,SHORT,XAUUSD,4343.0,4384.5,4300.0,,,4362.0,LOSS,2026-09-16T13:15:00Z,4401.8,-17.3,3.0,-20.3,22.5,-203.0,-0.902,39.8,market,1.7,LOSS,-22.0,-1.158,2-basis-dual,8,no,,,4382.6,2026-09-21T11:04:47Z
@TOPNOTCHFOREXFREE,23794,2026-09-17T07:58:42Z,LONG,XAUUSD,4325.1,4366.4,4327.4,4330.5,4340.5,4309.7,WIN,2026-09-17T08:00:00Z,4367.0,0.6,3.0,-2.4,56.6999,-24.0,-0.042,39.6,market,1.7,LOSS,-18.4,-1.195,2-basis-dual,1,no,yes,yes,4367.2,2026-09-21T11:04:47Z
@fxtradingvision,85512,2026-09-17T09:42:39Z,SHORT,XAUUSD,4311.0,4348.1,4307.0,4306.0,4280.0,4330.0,WIN,2026-09-17T09:45:00Z,4346.6,1.5,3.0,-1.5,18.1001,-15.0,-0.083,39.6,market,-2.5,WIN,1.0,0.053,2-basis-dual,1,no,no,no,4343.8,2026-09-21T11:04:47Z
@fxtradingvision,85516,2026-09-17T10:19:04Z,SHORT,XAUUSD,4309.0,4346.3,4305.0,4304.0,4285.0,4325.0,LOSS,2026-09-17T10:55:00Z,4364.6,-18.3,3.0,-21.3,21.2998,-213.0,-1.0,39.6,market,-2.3,LOSS,-19.0,-1.188,2-basis-dual,8,no,no,no,4346.3,2026-09-21T11:04:47Z
@fxtradingvision,85521,2026-09-17T11:05:42Z,LONG,XAUUSD,4336.0,4375.7,4340.0,4341.0,4370.0,4310.0,WIN,2026-09-17T11:10:00Z,4379.6,3.9,3.0,0.9,65.7002,9.0,0.014,39.6,pending,0.1,WIN,1.0,0.038,2-basis-dual,1,no,yes,yes,4439.8,2026-09-21T11:04:47Z
@fxtradingvision,85529,2026-09-17T11:14:21Z,LONG,XAUUSD,4332.0,4371.9,4350.0,,,4310.0,WIN,2026-09-17T11:55:00Z,4389.6,17.7,3.0,14.7,61.8999,147.0,0.237,39.6,market,0.3,WIN,15.0,0.682,2-basis-dual,9,no,,,4439.8,2026-09-21T11:04:47Z
@fxtradingvision,85569,2026-09-17T13:20:25Z,LONG,XAUUSD,4375.0,4407.5,4379.0,4380.0,4395.0,4355.0,WIN,2026-09-17T14:05:00Z,4418.6,11.1,3.0,8.1,52.5,81.0,0.154,39.6,market,-7.1,WIN,1.0,0.05,2-basis-dual,9,no,yes,yes,4420.9,2026-09-21T11:04:47Z
@TAURUSTRADERSSIGNALE,39696,2026-09-17T13:30:42Z,LONG,XAUUSD,4375.0,4412.6,4379.0,4380.0,4395.0,4355.0,WIN,2026-09-17T14:05:00Z,4418.6,6.0,3.0,3.0,57.6001,30.0,0.052,39.6,market,-2.0,WIN,1.0,0.05,2-basis-dual,7,no,yes,yes,4420.9,2026-09-21T11:04:47Z
@fxtradingvision,85573,2026-09-17T13:43:57Z,SHORT,XAUUSD,4362.0,4398.8,4358.0,4357.0,4340.0,4385.0,WIN,2026-09-17T13:45:00Z,4397.6,1.2,3.0,-1.8,13.7998,-18.0,-0.13,39.6,market,-2.8,WIN,1.0,0.043,2-basis-dual,1,no,no,no,4372.2,2026-09-21T11:04:47Z
@REALNATEFXC,5054,2026-09-17T14:39:04Z,LONG,XAUUSD,,4401.7,4410.0,,,4345.0,LOSS,2026-09-17T19:25:00Z,4384.6,-17.1,3.0,-20.1,56.7002,-201.0,-0.355,39.6,market,,,,,2-basis-dual,58,no,,,4412.7,2026-09-21T11:04:47Z
@fxtradingvision,85582,2026-09-17T15:14:34Z,SHORT,XAUUSD,4358.0,4402.3,4354.0,4353.0,4330.0,4375.0,WIN,2026-09-17T18:30:00Z,4393.6,8.7,3.0,5.7,27.2998,57.0,0.209,39.6,market,4.7,WIN,1.0,0.059,2-basis-dual,40,no,no,no,4372.2,2026-09-21T11:04:47Z
@TAURUSTRADERSSIGNALE,39698,2026-09-17T15:15:10Z,SHORT,XAUUSD,4358.0,4403.8,4354.0,4353.0,4330.0,4375.0,WIN,2026-09-17T18:30:00Z,4393.6,10.2,3.0,7.2,28.7998,72.0,0.25,39.6,market,6.2,WIN,1.0,0.059,2-basis-dual,39,no,no,no,4372.2,2026-09-21T11:04:47Z
@fxtradingvision,85583,2026-09-17T15:17:19Z,SHORT,XAUUSD,4358.0,4403.8,4354.0,4353.0,4330.0,4580.0,WIN,2026-09-17T18:30:00Z,4393.6,10.2,3.0,7.2,176.2002,72.0,0.041,39.6,market,6.2,WIN,1.0,0.005,2-basis-dual,39,no,no,no,4372.2,2026-09-21T11:04:47Z
@fxtradingvision,85617,2026-09-18T08:38:12Z,SHORT,XAUUSD,4389.0,4426.8,4385.0,4384.0,4360.0,4410.0,WIN,2026-09-18T09:35:00Z,4424.6,2.2,3.0,-0.8,16.7998,-8.0,-0.048,39.6,market,-1.8,WIN,1.0,0.048,2-basis-dual,12,no,yes,no,4381.0,2026-09-21T11:04:47Z
@TOPNOTCHFOREXFREE,23801,2026-09-18T08:56:59Z,LONG,XAUUSD,4393.7,4432.3,4395.2,4397.1,4403.4,4384.0,WIN,2026-09-18T09:00:00Z,4434.8,2.5,3.0,-0.5,48.2998,-5.0,-0.01,39.6,market,-1.0,WIN,-1.5,-0.155,2-basis-dual,1,no,yes,yes,4438.3,2026-09-21T11:04:47Z
@REALNATEFXC,5062,2026-09-18T10:19:34Z,LONG,XAUUSD,,4419.3,4430.0,,,4350.0,LOSS,2026-09-18T13:50:00Z,4389.6,-29.7,3.0,-32.7,69.2998,-327.0,-0.472,39.6,market,,,,,2-basis-dual,43,no,,,4428.1,2026-09-21T11:04:47Z
@fxtradingvision,85641,2026-09-18T11:14:53Z,SHORT,XAUUSD,4389.0,4427.4,4385.0,4384.0,4360.0,4398.0,WIN,2026-09-18T11:15:00Z,4424.6,2.8,3.0,-0.2,29.3999,-2.0,-0.007,39.6,market,-1.2,WIN,1.0,0.111,2-basis-dual,1,no,yes,no,4381.0,2026-09-21T11:04:47Z
@TAURUSTRADERSSIGNALE,39733,2026-09-18T14:23:36Z,SHORT,XAUUSD,4352.0,4390.7,4348.0,4340.0,,4364.0,WIN,2026-09-18T14:25:00Z,4387.6,3.1,3.0,0.1,26.7002,1.0,0.004,39.6,market,-0.9,WIN,1.0,0.083,2-basis-dual,1,no,no,,4381.0,2026-09-21T11:04:47Z
@WOLFXSIGNALS_FREEGROUP,11653,2026-09-18T14:45:06Z,LONG,XAUUSD,4354.0,4393.0,4356.0,4359.0,4364.0,4346.0,WIN,2026-09-18T14:50:00Z,4395.6,2.6,3.0,-0.4,47.0,-4.0,-0.009,39.6,market,-0.6,WIN,-1.0,-0.125,2-basis-dual,1,no,yes,yes,4435.2,2026-09-21T11:04:47Z
@fxtradingvision,85668,2026-09-18T16:33:45Z,SHORT,XAUUSD,4382.0,4418.5,4378.0,4377.0,4350.0,4397.0,WIN,2026-09-18T16:35:00Z,4417.6,0.9,3.0,-2.1,21.5,-21.0,-0.098,39.6,market,-3.1,LOSS,-18.0,-1.2,2-basis-dual,1,no,no,no,4413.5,2026-09-21T11:04:47Z
@fxtradingvision,84290,2026-09-03T12:21:47Z,LONG,XAUUSD,4438.0,4492.9,4442.0,4443.0,4470.0,4415.0,WIN,2026-09-03T12:30:00Z,4517.5,24.6,3.0,21.6,77.8999,216.0,0.277,75.5,market,-20.6,WIN,1.0,0.043,2-basis-dual,2,no,yes,yes,4558.5,2026-09-21T14:10:38Z
@fxtradingvision,84542,2026-09-07T07:43:50Z,SHORT,XAUUSD,4394.0,4483.5,4390.0,4389.0,4360.0,4420.0,LOSS,2026-09-08T04:00:00Z,4486.5,-3.0,3.0,-6.0,63.5,-60.0,-0.094,66.5,market,23.0,WIN,1.0,0.038,2-basis-dual,1,no,no,no,4483.3,2026-09-21T14:10:38Z
@fxtradingvision,84545,2026-09-07T08:01:52Z,SHORT,XAUUSD,4408.0,4483.5,4404.0,4403.0,4380.0,4425.0,WIN,2026-09-08T05:20:00Z,4470.5,13.0,3.0,10.0,58.5,100.0,0.171,66.5,market,9.0,WIN,1.0,0.059,2-basis-dual,17,no,yes,no,4381.0,2026-09-21T14:10:38Z
@fxtradingvision,84822,2026-09-09T17:00:58Z,LONG,XAUUSD,4409.0,4457.9,4413.0,4414.0,4440.0,4390.0,LOSS,2026-09-09T18:45:00Z,4451.5,-6.4,3.0,-9.4,67.8999,-94.0,-0.138,61.5,market,-12.6,WIN,1.0,0.053,2-basis-dual,21,no,yes,yes,4466.7,2026-09-21T14:10:38Z
@fxtradingvision,85290,2026-09-14T15:11:36Z,SHORT,XAUUSD,4281.0,4317.5,4277.0,4276.0,4240.0,4305.0,WIN,2026-09-14T15:15:00Z,4313.95,3.55,3.0,0.55,12.5,5.5,0.044,36.95,market,-0.45,WIN,1.0,0.042,2-basis-dual,1,no,no,no,4313.2,2026-09-21T14:10:38Z
@TAURUSTRADERSSIGNALE,39690,2026-09-17T11:51:59Z,LONG,XAUUSD,4336.0,4375.6,4340.0,4341.0,4370.0,4310.0,WIN,2026-09-18T03:20:00Z,4378.3,2.7,3.0,-0.3,65.6001,-3.0,-0.005,38.3,pending,1.3,WIN,1.0,0.038,2-basis-dual,1,no,yes,yes,4439.8,2026-09-21T14:10:38Z
@TOPNOTCHFOREXFREE,23820,2026-09-21T08:00:03Z,SHORT,XAUUSD,4345.2,4386.0,4343.1,4340.2,4330.9,4359.5,WIN,2026-09-21T09:30:00Z,4381.9,4.1,3.0,1.1,26.5,11.0,0.042,38.8,market,2.0,WIN,-0.9,-0.063,2-basis-dual,18,no,no,no,4377.5,2026-09-21T14:10:38Z
@fxtradingvision,85794,2026-09-21T08:49:13Z,LONG,XAUUSD,4355.0,4393.3,4359.0,4360.0,4375.0,4340.0,LOSS,2026-09-21T09:30:00Z,4378.8,-14.5,3.0,-17.5,53.2998,-175.0,-0.328,38.8,market,-0.5,LOSS,-18.0,-1.2,2-basis-dual,9,no,yes,yes,4393.3,2026-09-21T14:10:38Z
@fxtradingvision,85802,2026-09-21T09:43:29Z,SHORT,XAUUSD,4346.0,4385.3,4342.0,4341.0,4320.0,4365.0,WIN,2026-09-21T10:55:00Z,4380.8,4.5,3.0,1.5,20.2998,15.0,0.074,38.8,market,0.5,WIN,1.0,0.053,2-basis-dual,15,no,no,no,4379.5,2026-09-21T14:10:38Z
@TAURUSTRADERSSIGNALE,39841,2026-09-21T09:43:48Z,SHORT,XAUUSD,4346.0,4385.3,4342.0,4341.0,4320.0,4365.0,WIN,2026-09-21T10:55:00Z,4380.8,4.5,3.0,1.5,20.2998,15.0,0.074,38.8,market,0.5,WIN,1.0,0.053,2-basis-dual,15,no,no,no,4379.5,2026-09-21T14:10:38Z
@fxtradingvision,85812,2026-09-21T11:09:20Z,SHORT,XAUUSD,4345.0,4383.3,4341.0,4340.0,4320.0,4360.0,LOSS,2026-09-21T11:35:00Z,4398.8,-15.5,3.0,-18.5,23.2998,-185.0,-0.794,38.8,market,-0.5,LOSS,-18.0,-1.2,2-basis-dual,6,no,no,no,4382.3,2026-09-21T14:10:38Z
@fxtradingvision,84660,2026-09-08T14:53:18Z,LONG,XAUUSD,4389.0,4438.4,4393.0,4394.0,4430.0,4370.0,LOSS,2026-09-08T16:00:00Z,4436.5,-1.9,3.0,-4.9,68.3999,-49.0,-0.072,66.5,market,-17.1,WIN,1.0,0.053,2-basis-dual,14,no,yes,yes,4454.5,2026-09-21T19:29:12Z
@fxtradingvision,85258,2026-09-14T13:05:42Z,SHORT,XAUUSD,4269.0,4300.2,4265.0,4264.0,4230.0,4295.0,LOSS,2026-09-14T15:05:00Z,4327.5,-27.3,3.0,-30.3,5.2002,-303.0,-5.827,32.5,market,-1.3,LOSS,-29.0,-1.115,2-basis-dual,24,no,no,no,4299.5,2026-09-21T19:29:12Z
@fxtradingvision,85804,2026-09-21T10:18:40Z,SHORT,XAUUSD,4356.0,4390.8,4352.0,4351.0,4330.0,4375.0,WIN,2026-09-21T10:20:00Z,4388.5,2.3,3.0,-0.7,15.7998,-7.0,-0.044,36.5,market,-1.7,WIN,1.0,0.053,2-basis-dual,1,no,no,no,4379.5,2026-09-21T19:29:12Z
@fxtradingvision,84586,2026-09-07T16:19:33Z,LONG,XAUUSD,4412.0,4483.5,4415.0,4416.0,4440.0,4390.0,WIN,2026-09-08T04:00:00Z,4486.5,3.0,3.0,0.0,93.5,0.0,0.0,71.5,market,0.0,WIN,0.0,0.0,2-basis-dual,1,no,yes,yes,4488.8,2026-09-21T22:47:58Z
@fxtradingvision,85850,2026-09-21T15:34:25Z,SHORT,XAUUSD,4356.0,4392.5,4352.0,4351.0,4330.0,4365.0,WIN,2026-09-21T15:35:00Z,4388.55,3.95,3.0,0.95,27.5,9.5,0.035,36.55,pending,-0.05,WIN,1.0,0.111,2-basis-dual,1,no,no,no,4375.7,2026-09-22T01:21:03Z
@TAURUSTRADERSSIGNALE,39850,2026-09-21T17:14:25Z,SHORT,XAUUSD,4346.0,4384.3,4342.0,4335.0,,4359.0,WIN,2026-09-21T17:30:00Z,4378.5,5.8,3.0,2.8,25.2998,28.0,0.111,36.5,market,1.8,WIN,1.0,0.077,2-basis-dual,4,no,no,,4375.7,2026-09-22T01:21:03Z
@fxtradingvision,85814,2026-09-21T11:42:11Z,SHORT,XAUUSD,4368.0,4407.1,4365.0,4364.0,4320.0,4379.0,WIN,2026-09-21T12:20:00Z,4399.35,7.75,3.0,4.75,28.1001,47.5,0.169,34.35,pending,4.75,,,,2-basis-dual,5,no,yes,no,4360.3,2026-09-22T06:20:58Z
@fxtradingvision,85837,2026-09-21T13:51:13Z,SHORT,XAUUSD,4354.0,4386.1,4350.0,4349.0,4320.0,4365.0,WIN,2026-09-21T13:55:00Z,4384.35,1.75,3.0,-1.25,21.1001,-12.5,-0.059,34.35,market,-2.25,WIN,1.0,0.091,2-basis-dual,1,no,no,no,4360.3,2026-09-22T06:20:58Z
@fxtradingvision,85846,2026-09-21T14:30:41Z,SHORT,XAUUSD,4347.0,4384.6,4343.0,4342.0,4320.0,4360.0,WIN,2026-09-21T16:40:00Z,4382.0,2.6,3.0,-0.4,24.6001,-4.0,-0.016,39.0,pending,-1.4,WIN,1.0,0.077,2-basis-dual,20,no,no,no,4375.7,2026-09-22T11:49:58Z
@TOPNOTCHFOREXFREE,23831,2026-09-22T08:17:56Z,SHORT,XAUUSD,4301.5,4340.5,4299.3,4296.3,4286.7,4316.3,WIN,2026-09-22T08:25:00Z,4335.45,5.05,3.0,2.05,24.2,20.5,0.085,36.15,market,2.85,WIN,-0.8,-0.054,2-basis-dual,2,no,no,no,4327.6,2026-09-22T11:49:58Z
@TAURUSTRADERSSIGNALE,39865,2026-09-22T09:08:44Z,LONG,XAUUSD,4316.0,4354.6,4320.0,4330.0,,4316.0,LOSS,2026-09-22T09:25:00Z,4352.15,-2.45,3.0,-5.45,38.6001,-54.5,-0.141,36.15,pending,2.45,LOSS,-3.0,,2-basis-dual,1,no,yes,,4354.6,2026-09-22T11:49:58Z
@fxtradingvision,85463,2026-09-16T15:51:06Z,LONG,XAUUSD,4350.0,4393.7,4354.0,4355.0,4380.0,4330.0,WIN,2026-09-16T17:55:00Z,4397.7,4.0,3.0,1.0,63.7002,10.0,0.016,43.7,market,0.0,WIN,1.0,0.05,2-basis-dual,25,no,yes,yes,4413.1,2026-09-22T15:51:13Z
@TAURUSTRADERSSIGNALE,39868,2026-09-22T11:57:53Z,SHORT,XAUUSD,4422.0,4360.2,4318.0,4310.0,,4332.0,LOSS,2026-09-22T12:20:00Z,4365.3,-5.1,3.0,-8.1,28.2002,-81.0,-0.287,33.3,market,-95.1,LOSS,87.0,0.967,2-basis-dual,5,no,no,,4357.1,2026-09-22T15:51:13Z
@fxtradingvision,85902,2026-09-22T08:58:13Z,SHORT,XAUUSD,4333.0,4366.3,4329.0,4328.0,4300.0,4355.0,WIN,2026-09-22T09:00:00Z,4363.2,3.1,3.0,0.1,11.2998,1.0,0.009,34.2,market,-0.9,WIN,1.0,0.045,2-basis-dual,1,no,no,no,4346.3,2026-09-22T19:20:24Z
@TRADINGCENTRALGLOBAL,53728,2026-09-22T12:33:51Z,SHORT,XAUUSD,4343.0,4377.2,4333.0,4300.0,,4353.0,WIN,2026-09-22T13:40:00Z,4366.75,10.45,3.0,7.45,24.2002,74.5,0.308,33.75,market,0.45,WIN,7.0,0.7,2-basis-dual,14,no,no,,4351.8,2026-09-22T19:20:24Z
@fxtradingvision,86007,2026-09-22T18:02:59Z,SHORT,XAUUSD,4359.0,4389.9,4355.0,4350.0,,4369.0,WIN,2026-09-22T18:35:00Z,4388.95,0.95,3.0,-2.05,20.8999,-20.5,-0.098,33.95,pending,-3.05,LOSS,-13.0,-1.3,2-basis-dual,7,no,no,,4386.3,2026-09-22T22:17:36Z
@TAURUSTRADERSSIGNALE,39892,2026-09-22T18:14:28Z,SHORT,XAUUSD,4359.0,4396.0,4355.0,4350.0,,4369.0,WIN,2026-09-22T18:35:00Z,4388.95,7.05,3.0,4.05,27.0,40.5,0.15,33.95,market,3.05,WIN,1.0,0.1,2-basis-dual,5,no,no,,4386.3,2026-09-22T22:17:36Z
@fxtradingvision,85969,2026-09-22T13:49:40Z,LONG,XAUUSD,4338.0,4377.6,4342.0,4343.0,4355.0,4328.0,LOSS,2026-09-22T14:00:00Z,4366.8,-10.8,3.0,-13.8,49.6001,-138.0,-0.278,38.8,market,0.8,LOSS,-13.0,-1.3,2-basis-dual,3,no,yes,yes,4378.7,2026-09-23T14:44:11Z
@TAURUSTRADERSSIGNALE,39912,2026-09-23T11:33:58Z,LONG,XAUUSD,4301.0,4339.0,4305.0,4315.0,,4285.0,WIN,2026-09-23T11:45:00Z,4344.6,5.6,3.0,2.6,54.0,26.0,0.048,39.6,market,-1.6,WIN,1.0,0.062,2-basis-dual,3,no,yes,,4355.6,2026-09-23T14:44:11Z
@TAURUSTRADERSSIGNALE,39909,2026-09-23T10:03:00Z,LONG,XAUUSD,4304.0,4343.1,4308.0,4315.0,,4295.0,LOSS,2026-09-23T11:35:00Z,4331.05,-12.05,3.0,-15.05,48.1001,-150.5,-0.313,36.05,pending,3.05,LOSS,-12.0,-1.333,2-basis-dual,2,no,yes,,4343.5,2026-09-23T18:43:15Z
@WOLFXSIGNALS_FREEGROUP,11707,2026-09-23T16:09:20Z,LONG,XAUUSD,4282.0,4318.8,4284.0,4287.0,4292.0,4274.0,WIN,2026-09-23T16:10:00Z,4319.2,0.4,3.0,-2.6,44.7998,-26.0,-0.058,35.2,market,1.6,WIN,-1.0,-0.125,2-basis-dual,1,no,yes,yes,4338.0,2026-09-24T09:36:58Z
@TAURUSTRADERSSIGNALE,39939,2026-09-24T09:14:44Z,LONG,XAUUSD,4262.0,4297.2,4266.0,4275.0,,4245.0,LOSS,2026-09-24T10:30:00Z,4278.8,-18.4,3.0,-21.4,52.2002,-214.0,-0.41,33.8,market,1.4,LOSS,-20.0,-1.176,2-basis-dual,16,no,yes,,4299.7,2026-09-24T14:24:14Z
@TOPNOTCHFOREXFREE,23841,2026-09-23T07:25:26Z,SHORT,XAUUSD,4328.2,4360.7,4326.1,4323.3,4314.1,4342.3,WIN,2026-09-23T07:30:00Z,4359.25,1.45,3.0,-1.55,18.4002,-15.5,-0.084,33.15,market,-0.65,WIN,-0.9,-0.064,2-basis-dual,1,no,yes,yes,4278.3,2026-09-25T09:59:40Z
@TOPNOTCHFOREXFREE,23853,2026-09-24T07:22:16Z,SHORT,XAUUSD,4284.6,4316.8,4282.4,4279.6,4270.2,4299.0,WIN,2026-09-24T07:40:00Z,4316.2,0.6,3.0,-2.4,17.7998,-24.0,-0.135,33.8,market,-1.6,WIN,-0.8,-0.056,2-basis-dual,4,no,yes,no,4278.3,2026-09-25T09:59:40Z
@TOPNOTCHFOREXFREE,23864,2026-09-25T07:25:26Z,SHORT,XAUUSD,4275.1,4309.3,4273.0,4270.3,4261.4,4288.8,WIN,2026-09-25T07:30:00Z,4307.15,2.15,3.0,-0.85,20.4998,-8.5,-0.041,34.15,market,0.05,WIN,-0.9,-0.066,2-basis-dual,1,no,no,no,4306.2,2026-09-25T09:59:40Z
@TAURUSTRADERSSIGNALE,39916,2026-09-23T15:10:22Z,SHORT,XAUUSD,4295.0,4330.3,4291.0,4275.0,,4312.0,WIN,2026-09-23T15:15:00Z,4326.3,4.0,3.0,1.0,18.2998,10.0,0.055,35.3,market,0.0,WIN,1.0,0.059,2-basis-dual,1,no,no,,4278.3,2026-09-25T14:59:38Z
@TOPNOTCHFOREXFREE,23866,2026-09-25T09:37:25Z,SHORT,XAUUSD,4295.7,4329.8,4293.5,4290.5,4280.8,4310.6,WIN,2026-09-25T09:40:00Z,4328.0,1.8,3.0,-1.2,19.1998,-12.0,-0.063,34.5,market,-0.4,WIN,-0.8,-0.054,2-basis-dual,1,no,no,no,4326.8,2026-09-25T14:59:38Z
@TAURUSTRADERSSIGNALE,39969,2026-09-25T10:40:19Z,LONG,XAUUSD,4303.0,4341.3,4307.0,4318.0,,4290.0,WIN,2026-09-25T10:45:00Z,4341.5,0.2,3.0,-2.8,51.2998,-28.0,-0.055,34.5,market,3.8,WIN,1.0,0.077,2-basis-dual,1,no,yes,,4351.6,2026-09-25T14:59:38Z
@fxtradingvision,86157,2026-09-25T13:15:47Z,LONG,XAUUSD,4291.0,4325.5,4295.0,4296.0,4320.0,4270.0,LOSS,2026-09-25T14:00:00Z,4304.5,-21.0,3.0,-24.0,55.5,-240.0,-0.432,34.5,market,0.0,LOSS,-24.0,-1.143,2-basis-dual,9,no,yes,yes,4326.0,2026-09-25T14:59:38Z
@fxtradingvision,86160,2026-09-25T13:49:30Z,LONG,XAUUSD,4275.0,4313.0,4279.0,4280.0,4300.0,4260.0,WIN,2026-09-25T13:50:00Z,4313.5,0.5,3.0,-2.5,53.0,-25.0,-0.047,34.5,market,3.5,WIN,1.0,0.067,2-basis-dual,1,no,yes,yes,4318.8,2026-09-25T14:59:38Z
@TAURUSTRADERSSIGNALE,39946,2026-09-24T14:47:20Z,SHORT,XAUUSD,4257.0,4292.5,4253.0,4240.0,,4370.0,WIN,2026-09-24T14:55:00Z,4287.65,4.85,3.0,1.85,77.5,18.5,0.024,34.65,market,0.85,WIN,1.0,0.009,2-basis-dual,2,no,no,,4279.5,2026-09-27T23:22:58Z
@fxtradingvision,86163,2026-09-25T14:03:37Z,LONG,XAUUSD,4265.0,4293.1,4269.0,4270.0,4300.0,4250.0,WIN,2026-09-25T14:05:00Z,4297.1,4.0,3.0,1.0,43.1001,10.0,0.023,28.1,market,0.0,WIN,1.0,0.067,2-basis-dual,1,no,yes,yes,4336.0,2026-09-27T23:22:58Z
@fxtradingvision,86071,2026-09-23T16:37:15Z,SHORT,XAUUSD,4290.0,4323.8,4287.0,4286.0,4265.0,4315.0,WIN,2026-09-23T16:45:00Z,4320.8,3.0,3.0,0.0,8.7998,0.0,0.0,33.8,pending,0.0,WIN,0.0,0.0,2-basis-dual,2,no,yes,no,4278.3,2026-09-28T01:57:43Z
@fxtradingvision,86107,2026-09-24T11:30:43Z,SHORT,XAUUSD,4273.0,4305.6,4270.0,4269.0,4240.0,4300.0,WIN,2026-09-24T12:30:00Z,4303.8,1.8,3.0,-1.2,5.6001,-12.0,-0.214,33.8,pending,-1.2,WIN,0.0,0.0,2-basis-dual,1,no,no,no,4279.5,2026-09-28T01:57:43Z
@fxtradingvision,86056,2026-09-23T13:54:21Z,LONG,XAUUSD,4277.0,4319.7,4281.0,4282.0,4300.0,4260.0,WIN,2026-09-23T14:00:00Z,4323.7,4.0,3.0,1.0,59.7002,10.0,0.017,42.7,pending,0.0,WIN,1.0,0.059,2-basis-dual,2,no,yes,yes,4338.0,2026-09-28T08:02:08Z
@TOPNOTCHFOREXFREE,23883,2026-09-28T07:51:16Z,SHORT,XAUUSD,4156.0,4188.7,4153.8,4150.9,4141.5,4170.5,WIN,2026-09-28T08:20:00Z,4179.8,8.9,3.0,5.9,18.2002,59.0,0.324,26.0,market,6.7,WIN,-0.8,-0.055,2-basis-dual,6,no,no,no,4172.7,2026-09-28T16:46:43Z
@TOPNOTCHFOREXFREE,23897,2026-09-29T07:41:39Z,SHORT,XAUUSD,4144.4,4174.4,4142.3,4139.5,4130.5,4158.3,WIN,2026-09-29T07:50:00Z,4172.3,2.1,3.0,-0.9,16.0999,-9.0,-0.056,30.0,market,0.0,WIN,-0.9,-0.065,2-basis-dual,2,no,no,no,4169.2,2026-09-29T15:04:26Z
@TRADINGCENTRALGLOBAL,53868,2026-09-29T11:04:29Z,SHORT,XAUUSD,4156.0,4186.2,4100.0,,,4166.0,LOSS,2026-09-29T13:50:00Z,4196.0,-9.8,3.0,-12.8,20.2002,-128.0,-0.634,30.0,market,0.2,LOSS,-13.0,-1.3,2-basis-dual,34,no,,,4180.6,2026-09-29T15:04:26Z
@TAURUSTRADERSSIGNALE,40125,2026-09-29T18:03:11Z,SHORT,XAUUSD,4154.0,4195.7,4150.0,4140.0,,4168.0,LOSS,2026-09-29T18:15:00Z,4201.7,-6.0,3.0,-9.0,27.7002,-90.0,-0.325,33.7,market,8.0,,,,2-basis-dual,3,no,no,,4188.5,2026-09-29T20:00:32Z
@fxtradingvision,86359,2026-09-29T18:03:15Z,SHORT,XAUUSD,4162.0,4195.7,4158.0,4157.0,4130.0,4185.0,WIN,2026-09-29T18:05:00Z,4191.7,4.0,3.0,1.0,10.7002,10.0,0.093,33.7,market,0.0,WIN,1.0,0.043,2-basis-dual,1,no,no,no,4188.5,2026-09-30T02:20:38Z
@fxtradingvision,86365,2026-09-29T20:30:37Z,SHORT,XAUUSD,4176.0,4211.0,4172.0,4171.0,4150.0,4195.0,WIN,2026-09-30T01:10:00Z,4203.9,7.1,3.0,4.1,16.0,41.0,0.256,31.9,market,3.1,WIN,1.0,0.053,2-basis-dual,44,no,no,no,4197.6,2026-09-30T08:41:56Z
@TOPNOTCHFOREXFREE,23909,2026-09-30T07:13:18Z,LONG,XAUUSD,4194.5,4226.4,4196.9,4200.0,4210.2,4178.8,WIN,2026-09-30T07:20:00Z,4229.9,3.5,3.0,0.5,47.5999,5.0,0.011,33.0,market,-1.1,WIN,-0.6,-0.038,2-basis-dual,2,no,yes,yes,4234.0,2026-09-30T15:27:05Z
@TAURUSTRADERSSIGNALE,40142,2026-09-30T09:06:39Z,LONG,XAUUSD,4191.0,4223.0,4195.0,4205.0,,4175.0,LOSS,2026-09-30T11:20:00Z,4208.0,-15.0,3.0,-18.0,48.0,-180.0,-0.375,33.0,market,-1.0,WIN,1.0,0.062,2-basis-dual,27,no,yes,,4223.4,2026-09-30T15:27:05Z
@WOLFXSIGNALS_FREEGROUP,11769,2026-09-30T09:31:19Z,LONG,XAUUSD,4187.0,4221.4,4189.0,4192.0,4197.0,4179.0,WIN,2026-09-30T10:05:00Z,4222.0,0.6,3.0,-2.4,42.3999,-24.0,-0.057,33.0,market,1.4,LOSS,-11.0,-1.375,2-basis-dual,7,no,yes,yes,4222.2,2026-09-30T15:27:05Z
@TAURUSTRADERSSIGNALE,40144,2026-09-30T10:53:02Z,LONG,XAUUSD,4181.0,4215.6,4185.0,4195.0,,4165.0,WIN,2026-09-30T11:35:00Z,4218.0,2.4,3.0,-0.6,50.6001,-6.0,-0.012,33.0,pending,1.6,WIN,1.0,0.062,2-basis-dual,7,no,yes,,4251.1,2026-09-30T15:27:05Z
@fxtradingvision,86388,2026-09-30T10:57:52Z,LONG,XAUUSD,4181.0,4215.9,4185.0,4186.0,4200.0,4170.0,WIN,2026-09-30T11:35:00Z,4218.0,2.1,3.0,-0.9,45.8999,-9.0,-0.02,33.0,market,1.9,WIN,1.0,0.091,2-basis-dual,8,no,yes,yes,4251.1,2026-09-30T15:27:05Z
@fxtradingvision,86394,2026-09-30T13:45:01Z,LONG,XAUUSD,4182.0,4211.9,4186.0,4187.0,4210.0,4160.0,LOSS,2026-09-30T15:00:00Z,4193.0,-18.9,3.0,-21.9,51.8999,-219.0,-0.422,33.0,market,-3.1,LOSS,-25.0,-1.136,2-basis-dual,15,no,yes,yes,4215.4,2026-09-30T15:27:05Z
@TRADINGCENTRALGLOBAL,53896,2026-09-30T14:03:53Z,LONG,XAUUSD,4176.0,4210.0,4186.0,4230.0,,4166.0,LOSS,2026-09-30T14:30:00Z,4199.0,-11.0,3.0,-14.0,44.0,-140.0,-0.318,33.0,market,1.0,LOSS,-13.0,-1.3,2-basis-dual,6,no,no,,4215.0,2026-09-30T15:27:05Z
@TRADINGCENTRALGLOBAL,53903,2026-09-30T14:33:54Z,LONG,XAUUSD,,4201.1,4174.0,4220.0,,4154.0,WIN,2026-09-30T14:35:00Z,4201.55,0.45,3.0,-2.55,47.1001,-25.5,-0.054,27.55,pending,,,,,2-basis-dual,1,no,no,,4208.2,2026-09-30T20:17:20Z
@TAURUSTRADERSSIGNALE,40150,2026-09-30T15:22:24Z,SHORT,XAUUSD,4158.0,4187.1,4154.0,4140.0,,4173.0,WIN,2026-09-30T17:15:00Z,4181.55,5.55,3.0,2.55,14.1001,25.5,0.181,27.55,market,1.55,WIN,1.0,0.067,2-basis-dual,23,no,no,,4169.4,2026-10-01T09:31:44Z
@TAURUSTRADERSSIGNALE,40172,2026-10-01T08:42:08Z,SHORT,XAUUSD,4156.0,4181.2,4152.0,4140.0,,4170.0,WIN,2026-10-01T08:45:00Z,4180.0,1.2,3.0,-1.8,11.2002,-18.0,-0.161,28.0,market,-2.8,LOSS,-17.0,-1.214,2-basis-dual,1,no,no,,4178.4,2026-10-01T16:41:23Z
@TOPNOTCHFOREXFREE,23923,2026-10-01T09:56:49Z,SHORT,XAUUSD,4155.1,4184.1,4153.2,4150.6,4142.2,4168.0,WIN,2026-10-01T10:00:00Z,4181.2,2.9,3.0,-0.1,16.1001,-1.0,-0.006,28.0,market,1.0,WIN,-1.1,-0.085,2-basis-dual,1,no,no,no,4179.9,2026-10-01T16:41:23Z
@TAURUSTRADERSSIGNALE,40178,2026-10-01T12:43:15Z,LONG,XAUUSD,4185.0,4212.6,4189.0,4200.0,,4170.0,WIN,2026-10-01T12:45:00Z,4217.0,4.4,3.0,1.4,42.6001,14.0,0.033,28.0,market,-0.4,WIN,1.0,0.067,2-basis-dual,1,no,yes,,4217.8,2026-10-01T16:41:23Z
@fxtradingvision,86433,2026-10-01T13:03:39Z,LONG,XAUUSD,4178.0,4206.4,4182.0,4183.0,4200.0,4160.0,LOSS,2026-10-01T14:00:00Z,4188.0,-18.4,3.0,-21.4,46.3999,-214.0,-0.461,28.0,market,0.4,LOSS,-21.0,-1.167,2-basis-dual,12,no,yes,yes,4207.8,2026-10-01T16:41:23Z
@TOPNOTCHFOREXFREE,23921,2026-10-01T07:42:19Z,LONG,XAUUSD,4163.9,4193.4,4166.0,4168.8,4177.8,4150.0,WIN,2026-10-01T07:45:00Z,4194.75,1.35,3.0,-1.65,43.3999,-16.5,-0.038,28.75,market,0.75,WIN,-0.9,-0.065,2-basis-dual,1,no,yes,yes,4197.9,2026-10-01T21:28:41Z
@TAURUSTRADERSSIGNALE,40189,2026-10-01T18:14:25Z,SHORT,XAUUSD,4172.0,4201.6,4168.0,4160.0,,4185.0,LOSS,2026-10-01T18:30:00Z,4213.0,-11.4,3.0,-14.4,16.6001,-144.0,-0.867,28.0,market,1.6,,,,2-basis-dual,4,no,no,,4200.9,2026-10-02T01:04:29Z
@fxtradingvision,86439,2026-10-01T13:22:20Z,SHORT,XAUUSD,4174.0,4201.4,4170.0,4169.0,4150.0,4190.0,WIN,2026-10-01T13:25:00Z,4197.7,3.7,3.0,0.7,11.3999,7.0,0.061,27.7,market,-0.3,WIN,1.0,0.062,2-basis-dual,1,no,yes,no,4162.9,2026-10-02T07:01:45Z
@fxtradingvision,86449,2026-10-01T16:17:37Z,SHORT,XAUUSD,4170.0,4198.0,4166.0,4165.0,4140.0,4190.0,WIN,2026-10-01T16:40:00Z,4193.7,4.3,3.0,1.3,8.0,13.0,0.163,27.7,market,0.3,WIN,1.0,0.05,2-basis-dual,5,no,yes,no,4162.9,2026-10-02T07:01:45Z
@fxtradingvision,86463,2026-10-01T18:13:00Z,SHORT,XAUUSD,4172.0,4201.6,4168.0,4167.0,4140.0,4195.0,WIN,2026-10-02T00:20:00Z,4195.7,5.9,3.0,2.9,6.6001,29.0,0.439,27.7,market,1.9,WIN,1.0,0.043,2-basis-dual,62,no,yes,no,4162.9,2026-10-02T07:01:45Z
@TOPNOTCHFOREXFREE,23936,2026-10-02T07:54:52Z,LONG,XAUUSD,4185.2,4214.9,4187.4,4190.3,4199.9,4170.5,WIN,2026-10-02T07:55:00Z,4217.0,2.1,3.0,-0.9,44.3999,-9.0,-0.02,29.6,market,0.1,WIN,-0.8,-0.054,2-basis-dual,1,no,yes,yes,4226.6,2026-10-02T13:53:13Z
@fxtradingvision,86494,2026-10-02T10:22:24Z,LONG,XAUUSD,4167.0,4198.3,4171.0,4172.0,4200.0,4150.0,WIN,2026-10-02T10:25:00Z,4201.95,3.65,3.0,0.65,48.2998,6.5,0.013,30.95,market,0.35,WIN,1.0,0.059,2-basis-dual,1,no,yes,yes,4259.0,2026-10-02T18:46:52Z
@TAURUSTRADERSSIGNALE,40212,2026-10-02T11:24:41Z,LONG,XAUUSD,4185.0,4214.6,4189.0,4199.0,,4165.0,WIN,2026-10-02T12:30:00Z,4219.95,5.35,3.0,2.35,49.6001,23.5,0.047,30.95,market,-1.35,WIN,1.0,0.05,2-basis-dual,14,no,yes,,4259.0,2026-10-02T18:46:52Z
@fxtradingvision,86511,2026-10-02T13:15:46Z,LONG,XAUUSD,4194.0,4220.3,4198.0,4199.0,4220.0,4170.0,WIN,2026-10-02T13:35:00Z,4228.95,8.65,3.0,5.65,50.2998,56.5,0.112,30.95,market,-4.65,WIN,1.0,0.042,2-basis-dual,4,no,yes,yes,4231.6,2026-10-02T18:46:52Z
@fxtradingvision,86520,2026-10-02T14:56:08Z,LONG,XAUUSD,4156.0,4188.4,4160.0,4161.0,4200.0,4140.0,LOSS,2026-10-02T15:15:00Z,4170.95,-17.45,3.0,-20.45,48.3999,-204.5,-0.423,30.95,market,1.45,LOSS,-19.0,-1.188,2-basis-dual,4,no,yes,no,4189.4,2026-10-02T18:46:52Z
@TAURUSTRADERSSIGNALE,40218,2026-10-02T14:56:53Z,LONG,XAUUSD,4156.0,4188.4,4160.0,4161.0,4200.0,4140.0,LOSS,2026-10-02T15:15:00Z,4170.95,-17.45,3.0,-20.45,48.3999,-204.5,-0.423,30.95,market,1.45,LOSS,-19.0,-1.188,2-basis-dual,4,no,yes,no,4189.4,2026-10-02T18:46:52Z
@fxtradingvision,86522,2026-10-02T15:07:17Z,LONG,XAUUSD,4145.0,4176.2,4149.0,4150.0,4170.0,4128.0,LOSS,2026-10-02T15:50:00Z,4158.95,-17.25,3.0,-20.25,48.2002,-202.5,-0.42,30.95,market,0.25,LOSS,-20.0,-1.176,2-basis-dual,9,no,yes,yes,4178.0,2026-10-02T18:46:52Z
@fxtradingvision,86530,2026-10-02T17:57:19Z,LONG,XAUUSD,4136.0,4166.7,4140.0,4141.0,4165.0,4120.0,WIN,2026-10-02T18:10:00Z,4168.35,1.65,3.0,-1.35,46.7002,-13.5,-0.029,28.35,market,2.35,WIN,1.0,0.062,2-basis-dual,3,no,yes,yes,4178.9,2026-10-04T23:33:31Z
@fxtradingvision,86262,2026-09-28T10:04:53Z,SHORT,XAUUSD,4165.0,4191.0,4162.0,4161.0,4140.0,4185.0,WIN,2026-09-28T10:05:00Z,4188.0,3.0,3.0,0.0,6.0,0.0,0.0,26.0,pending,0.0,WIN,0.0,0.0,2-basis-dual,1,no,yes,no,4143.1,2026-10-05T02:21:08Z
@fxtradingvision,86452,2026-10-01T17:31:16Z,SHORT,XAUUSD,4183.0,4206.0,4179.0,4178.0,4160.0,4200.0,WIN,2026-10-01T17:35:00Z,4205.0,1.0,3.0,-2.0,6.0,-20.0,-0.333,26.0,market,-3.0,WIN,1.0,0.059,2-basis-dual,1,no,yes,no,4162.9,2026-10-05T02:21:08Z
@TAURUSTRADERSSIGNALE,40068,2026-09-28T10:06:38Z,SHORT,XAUUSD,4165.0,4198.1,4162.0,4161.0,4140.0,4185.0,WIN,2026-09-28T12:15:00Z,4197.1,1.0,3.0,-2.0,13.1001,-20.0,-0.153,35.1,pending,-2.0,WIN,0.0,0.0,2-basis-dual,1,no,yes,no,4143.1,2026-10-05T09:14:05Z
@fxtradingvision,86306,2026-09-29T13:06:39Z,LONG,XAUUSD,4155.0,4190.1,4159.0,4160.0,4180.0,4135.0,WIN,2026-09-29T13:35:00Z,4194.1,4.0,3.0,1.0,55.1001,10.0,0.018,35.1,market,0.0,WIN,1.0,0.05,2-basis-dual,6,no,yes,yes,4251.1,2026-10-05T09:14:05Z
@TOPNOTCHFOREXFREE,23952,2026-10-05T07:24:08Z,LONG,XAUUSD,4154.1,4180.8,4156.3,4159.2,4168.8,4139.4,WIN,2026-10-05T07:35:00Z,4183.7,2.9,3.0,-0.1,41.3998,-1.0,-0.002,27.4,market,-0.7,WIN,-0.8,-0.054,2-basis-dual,3,no,yes,yes,4198.9,2026-10-05T18:29:47Z
@TOPNOTCHFOREXFREE,23954,2026-10-05T10:29:56Z,LONG,XAUUSD,4158.3,4186.4,4160.1,4162.5,4170.3,4146.3,WIN,2026-10-05T10:30:00Z,4187.5,1.1,3.0,-1.9,40.0999,-19.0,-0.047,27.4,market,0.7,WIN,-1.2,-0.1,2-basis-dual,1,no,yes,yes,4197.1,2026-10-05T18:29:47Z
@TAURUSTRADERSSIGNALE,40286,2026-10-05T10:26:41Z,SHORT,XAUUSD,4159.0,4186.4,4155.0,4150.0,,4173.0,WIN,2026-10-05T11:45:00Z,4182.6,3.8,3.0,0.8,13.3999,8.0,0.06,27.6,market,-0.2,WIN,1.0,0.071,2-basis-dual,16,no,yes,,4130.7,2026-10-06T13:34:30Z
@fxtradingvision,86599,2026-10-05T17:53:18Z,SHORT,XAUUSD,4144.0,4170.8,4141.0,4140.0,4120.0,4165.0,WIN,2026-10-05T19:45:00Z,4168.6,2.2,3.0,-0.8,5.7998,-8.0,-0.138,27.6,pending,-0.8,WIN,0.0,0.0,2-basis-dual,2,no,yes,no,4130.7,2026-10-06T13:34:30Z
@TAURUSTRADERSSIGNALE,40293,2026-10-05T18:05:46Z,SHORT,XAUUSD,4144.0,4170.8,4141.0,4130.0,,4160.0,WIN,2026-10-05T19:45:00Z,4168.6,2.2,3.0,-0.8,10.7998,-8.0,-0.074,27.6,pending,-0.8,WIN,0.0,0.0,2-basis-dual,2,no,no,,4130.7,2026-10-06T13:34:30Z
@TOPNOTCHFOREXFREE,23966,2026-10-06T08:58:39Z,SHORT,XAUUSD,4151.6,4182.6,4149.7,4147.2,4138.9,4164.3,WIN,2026-10-06T09:10:00Z,4177.3,5.3,3.0,2.3,18.3001,23.0,0.126,27.6,market,3.4,WIN,-1.1,-0.087,2-basis-dual,3,no,no,no,4176.2,2026-10-06T13:34:30Z
@fxtradingvision,86622,2026-10-06T09:34:53Z,SHORT,XAUUSD,4158.0,4184.3,4154.0,4153.0,4130.0,4175.0,WIN,2026-10-06T09:40:00Z,4181.6,2.7,3.0,-0.3,9.2998,-3.0,-0.032,27.6,market,-1.3,WIN,1.0,0.059,2-basis-dual,2,no,no,no,4176.2,2026-10-06T13:34:30Z
@TRADINGCENTRALGLOBAL,53996,2026-10-06T10:47:30Z,SHORT,XAUUSD,4160.0,4187.6,4150.0,4120.0,,4170.0,LOSS,2026-10-06T11:35:00Z,4197.6,-10.0,3.0,-13.0,17.6001,-130.0,-0.739,27.6,market,0.0,LOSS,-13.0,-1.3,2-basis-dual,10,no,no,,4183.8,2026-10-06T13:34:30Z
@TAURUSTRADERSSIGNALE,40318,2026-10-06T11:17:31Z,SHORT,XAUUSD,4164.0,4191.8,4160.0,4155.0,,4180.0,LOSS,2026-10-06T12:10:00Z,4207.6,-15.8,3.0,-18.8,11.7998,-188.0,-1.593,27.6,pending,0.2,LOSS,-19.0,-1.188,2-basis-dual,11,no,no,,4189.8,2026-10-06T13:34:30Z
@fxtradingvision,86591,2026-10-05T11:46:08Z,LONG,XAUUSD,4149.0,4180.6,4153.0,4154.0,4180.0,4130.0,WIN,2026-10-05T11:55:00Z,4184.3,3.7,3.0,0.7,50.6001,7.0,0.014,31.3,pending,0.3,WIN,1.0,0.053,2-basis-dual,2,no,yes,yes,4194.0,2026-10-06T19:02:14Z
@TRADINGCENTRALGLOBAL,54007,2026-10-06T14:01:06Z,LONG,XAUUSD,4152.0,4183.0,4162.0,4195.0,,4142.0,LOSS,2026-10-06T14:20:00Z,4173.3,-9.7,3.0,-12.7,41.0,-127.0,-0.31,31.3,market,-0.3,LOSS,-13.0,-1.3,2-basis-dual,4,no,no,,4185.8,2026-10-06T19:02:14Z
@TAURUSTRADERSSIGNALE,40181,2026-10-01T14:20:43Z,LONG,XAUUSD,4154.0,4190.4,4158.0,4169.0,,4148.0,WIN,2026-10-01T14:25:00Z,4194.4,4.0,3.0,1.0,42.3999,10.0,0.024,36.4,market,0.0,WIN,1.0,0.167,2-basis-dual,1,no,yes,,4204.8,2026-10-06T23:05:17Z
@TAURUSTRADERSSIGNALE,40325,2026-10-06T19:11:33Z,LONG,XAUUSD,4177.0,4204.3,4181.0,4195.0,,4160.0,LOSS,2026-10-07T00:25:00Z,4188.8,-15.5,3.0,-18.5,44.2998,-185.0,-0.418,28.8,market,-1.5,LOSS,-20.0,-1.176,2-basis-dual,51,no,yes,,4205.4,2026-10-07T02:24:50Z
@fxtradingvision,86667,2026-10-06T19:41:14Z,LONG,XAUUSD,4168.0,4197.0,4172.0,4173.0,4195.0,4145.0,LOSS,2026-10-07T01:50:00Z,4173.8,-23.2,3.0,-26.2,52.0,-262.0,-0.504,28.8,market,0.2,LOSS,-26.0,-1.13,2-basis-dual,62,no,yes,yes,4198.3,2026-10-07T02:24:50Z
@fxtradingvision,86635,2026-10-06T14:26:06Z,LONG,XAUUSD,4145.0,4173.6,4149.0,4150.0,4170.0,4130.0,WIN,2026-10-06T14:30:00Z,4177.0,3.4,3.0,0.4,43.6001,4.0,0.009,28.0,market,0.6,WIN,1.0,0.067,2-basis-dual,1,no,yes,yes,4212.4,2026-10-07T09:11:55Z
@fxtradingvision,86730,2026-10-07T10:52:08Z,SHORT,XAUUSD,4120.0,4145.0,4117.0,4116.0,4100.0,4140.0,WIN,2026-10-07T11:40:00Z,4142.15,2.85,3.0,-0.15,5.0,-1.5,-0.03,25.15,pending,-0.15,WIN,0.0,0.0,2-basis-dual,8,no,yes,yes,4091.2,2026-10-08T07:26:52Z
@TOPNOTCHFOREXFREE,23984,2026-10-08T06:27:07Z,SHORT,XAUUSD,4117.0,4140.0,4114.6,4111.5,4101.3,4132.7,WIN,2026-10-08T06:30:00Z,4139.35,0.65,3.0,-2.35,7.3,-23.5,-0.322,24.75,market,-1.75,LOSS,-18.7,-1.191,2-basis-dual,1,no,no,no,4138.1,2026-10-08T14:53:13Z
@TAURUSTRADERSSIGNALE,40375,2026-10-08T08:34:27Z,LONG,XAUUSD,4126.0,4150.6,4130.0,4140.0,,4110.0,WIN,2026-10-08T09:00:00Z,4154.75,4.15,3.0,1.15,40.6001,11.5,0.028,24.75,market,-0.15,WIN,1.0,0.062,2-basis-dual,6,no,yes,,4155.3,2026-10-08T14:53:13Z
@TOPNOTCHFOREXFREE,23986,2026-10-08T09:42:19Z,SHORT,XAUUSD,4120.5,4144.6,4118.5,4115.8,4107.0,4134.0,WIN,2026-10-08T10:25:00Z,4143.25,1.35,3.0,-1.65,10.6001,-16.5,-0.156,24.75,market,-0.65,WIN,-1.0,-0.074,2-basis-dual,9,no,no,no,4134.3,2026-10-08T14:53:13Z
@TOPNOTCHFOREXFREE,23973,2026-10-07T06:25:49Z,SHORT,XAUUSD,4130.1,4157.5,4127.9,4125.0,4115.5,4144.7,WIN,2026-10-07T08:25:00Z,4152.4,5.1,3.0,2.1,12.8,21.0,0.164,24.5,market,2.9,,,,2-basis-dual,24,no,yes,yes,4091.2,2026-10-08T20:18:57Z
@fxtradingvision,86703,2026-10-07T09:04:58Z,SHORT,XAUUSD,4124.0,4149.4,4120.0,4119.0,4100.0,4145.0,WIN,2026-10-07T09:30:00Z,4144.5,4.9,3.0,1.9,4.3999,19.0,0.432,24.5,market,0.9,WIN,1.0,0.048,2-basis-dual,6,no,yes,yes,4091.2,2026-10-08T20:18:57Z
@TAURUSTRADERSSIGNALE,40384,2026-10-08T12:44:46Z,LONG,XAUUSD,4121.0,4143.5,4125.0,4135.0,,4105.0,WIN,2026-10-08T13:05:00Z,4149.5,6.0,3.0,3.0,38.5,30.0,0.078,24.5,market,-2.0,,,,2-basis-dual,5,no,yes,,4165.4,2026-10-08T20:18:57Z
@TAURUSTRADERSSIGNALE,40397,2026-10-08T16:59:21Z,SHORT,XAUUSD,4125.0,4148.2,4121.0,4110.0,,4143.0,LOSS,2026-10-08T17:15:00Z,4167.5,-19.3,3.0,-22.3,5.2002,-223.0,-4.288,24.5,market,-1.3,LOSS,-21.0,-1.167,2-basis-dual,4,no,no,,4146.9,2026-10-08T20:18:57Z
@fxtradingvision,86771,2026-10-08T13:09:17Z,SHORT,XAUUSD,4128.0,4149.7,4124.0,4123.0,4100.0,4150.0,WIN,2026-10-08T13:10:00Z,4148.9,0.8,3.0,-2.2,0.2998,-22.0,-7.337,24.9,market,-3.2,WIN,1.0,0.045,2-basis-dual,1,no,no,no,4129.2,2026-10-09T00:26:47Z
@fxtradingvision,86694,2026-10-07T07:37:27Z,SHORT,XAUUSD,4137.0,4161.5,4134.0,4133.0,4110.0,4155.0,WIN,2026-10-07T07:45:00Z,4159.75,1.75,3.0,-1.25,6.5,-12.5,-0.192,25.75,market,-1.25,WIN,0.0,0.0,2-basis-dual,2,no,yes,yes,4091.2,2026-10-09T06:37:52Z
@fxtradingvision,86745,2026-10-07T16:10:28Z,SHORT,XAUUSD,4120.0,4145.7,4117.0,4116.0,4100.0,4140.0,WIN,2026-10-07T17:25:00Z,4142.75,2.95,3.0,-0.05,5.7002,-0.5,-0.009,25.75,pending,-0.05,WIN,0.0,0.0,2-basis-dual,4,no,no,no,4126.9,2026-10-09T06:37:52Z
@WOLFXSIGNALS_FREEGROUP,11855,2026-10-07T17:10:00Z,LONG,XAUUSD,4118.0,4145.7,4120.0,4123.0,4128.0,4110.0,WIN,2026-10-07T17:10:00Z,4145.75,0.05,3.0,-2.95,35.7002,-29.5,-0.083,25.75,market,1.95,WIN,-1.0,-0.125,2-basis-dual,1,no,yes,yes,4153.2,2026-10-09T06:37:52Z
@fxtradingvision,86777,2026-10-08T14:32:52Z,SHORT,XAUUSD,4138.0,4165.0,4134.0,4133.0,4110.0,4155.0,WIN,2026-10-08T14:35:00Z,4159.75,5.25,3.0,2.25,10.0,22.5,0.225,25.75,market,1.25,WIN,1.0,0.059,2-basis-dual,1,no,yes,no,4129.2,2026-10-09T06:37:52Z
@TRADINGCENTRALGLOBAL,54004,2026-10-06T12:24:35Z,SHORT,XAUUSD,,4206.5,4185.0,4140.0,,4205.0,WIN,2026-10-06T12:25:00Z,4206.4,0.1,3.0,-2.9,1.5,-29.0,-1.933,21.4,pending,,,,,2-basis-dual,1,no,yes,,4091.2,2026-10-09T13:42:32Z
@fxtradingvision,86804,2026-10-08T17:13:01Z,SHORT,XAUUSD,4136.0,4156.5,4132.0,4131.0,4110.0,4155.0,WIN,2026-10-08T17:45:00Z,4153.4,3.1,3.0,0.1,1.5,1.0,0.067,21.4,market,-0.9,WIN,1.0,0.053,2-basis-dual,7,no,no,no,4146.1,2026-10-09T13:42:32Z
@fxtradingvision,86846,2026-10-09T13:01:20Z,SHORT,XAUUSD,4178.0,4199.7,4174.0,4173.0,4150.0,4196.0,LOSS,2026-10-09T13:30:00Z,4217.4,-17.7,3.0,-20.7,3.7002,-207.0,-5.594,21.4,market,0.3,,,,2-basis-dual,6,no,no,no,4199.2,2026-10-09T13:42:32Z
@TAURUSTRADERSSIGNALE,40435,2026-10-09T13:02:00Z,SHORT,XAUUSD,4178.0,4199.7,4174.0,4160.0,,4195.0,LOSS,2026-10-09T13:30:00Z,4216.4,-16.7,3.0,-19.7,4.7002,-197.0,-4.191,21.4,market,0.3,LOSS,-20.0,-1.176,2-basis-dual,6,no,no,,4199.2,2026-10-09T13:42:32Z
@fxtradingvision,86835,2026-10-09T10:47:48Z,SHORT,XAUUSD,4186.0,4205.3,4182.0,4181.0,4160.0,4200.0,WIN,2026-10-09T10:55:00Z,4204.15,1.15,3.0,-1.85,5.2998,-18.5,-0.349,22.15,market,-2.85,WIN,1.0,0.071,2-basis-dual,2,no,no,no,4193.2,2026-10-09T19:08:11Z
@TAURUSTRADERSSIGNALE,40428,2026-10-09T10:58:30Z,SHORT,XAUUSD,4183.0,4204.0,4179.0,4170.0,,4205.0,WIN,2026-10-09T11:05:00Z,4201.15,2.85,3.0,-0.15,1.0,-1.5,-0.15,22.15,market,-1.15,WIN,1.0,0.045,2-basis-dual,2,no,no,,4193.2,2026-10-09T19:08:11Z
@TOPNOTCHFOREXFREE,23994,2026-10-09T07:09:46Z,LONG,XAUUSD,4194.1,4220.0,4196.4,4199.4,4209.2,4179.0,WIN,2026-10-09T07:10:00Z,4220.65,0.65,3.0,-2.35,41.0,-23.5,-0.057,24.25,market,1.65,WIN,-0.7,-0.046,2-basis-dual,1,no,yes,yes,4226.4,2026-10-09T23:17:25Z
