channel,message_id,timestamp_utc,direction,symbol,entry,tp1,tp2,tp3,sl,raw_text,parse_confidence
@FREESIGNALSTOTRADEBYLENNART,59916,2026-09-18T16:18:35Z,LONG,CHFJPY,188.468,188.668,188.868,189.668,188.068,"🚀CHFJPY - BUY🚀

Entry: 188.468

Stopp-Loss: 188.068

Take-Profit 1: 188.668
Take-Profit 2: 188.868
Take-Profit 3: 189.668

📊3:1 Risk Reward 📊",1.0
@FREESIGNALSTOTRADEBYLENNART,59937,2026-09-18T19:22:53Z,LONG,GBPUSD,1.3476,1.3481,1.3486,1.3506,1.3466,"🚀GBPUSD - BUY🚀

Entry: 1.34760

Stopp-Loss: 1.34660

Take-Profit 1: 1.34810
Take-Profit 2: 1.34860
Take-Profit 3: 1.35060

📊3:1 Risk Reward 📊",1.0
@FREESIGNALSTOTRADEBYLENNART,60137,2026-09-21T08:46:07Z,LONG,CHFJPY,188.468,188.668,188.868,189.668,188.068,"🚀CHFJPY - BUY🚀

Entry: 188.468

Stopp-Loss: 188.068

Take-Profit 1: 188.668
Take-Profit 2: 188.868
Take-Profit 3: 189.668

📊3:1 Risk Reward 📊",1.0
@FREESIGNALSTOTRADEBYLENNART,60200,2026-09-21T13:41:45Z,LONG,CHFJPY,188.468,188.668,188.868,189.668,188.068,"🚀CHFJPY - BUY🚀

Entry: 188.468

Stopp-Loss: 188.068

Take-Profit 1: 188.668
Take-Profit 2: 188.868
Take-Profit 3: 189.668

📊3:1 Risk Reward 📊",1.0
@FREESIGNALSTOTRADEBYLENNART,60225,2026-09-21T14:32:43Z,SHORT,EURGBP,0.85746,0.85686,0.85626,0.85386,0.85866,"🚀EURGBP - SELL🚀

Entry: 0.85746

Stopp-Loss: 0.85866

Take-Profit 1: 0.85686
Take-Profit 2: 0.85626
Take-Profit 3: 0.85386

📊3:1 Risk Reward 📊",1.0
@FREESIGNALSTOTRADEBYLENNART,60248,2026-09-21T16:10:28Z,LONG,GBPUSD,1.3476,1.3481,1.3486,1.3506,1.3466,"🚀GBPUSD - BUY🚀

Entry: 1.34760

Stopp-Loss: 1.34660

Take-Profit 1: 1.34810
Take-Profit 2: 1.34860
Take-Profit 3: 1.35060

📊3:1 Risk Reward 📊",1.0
@FREESIGNALSTOTRADEBYLENNART,60269,2026-09-21T19:27:08Z,LONG,GBPUSD,1.34523,1.34623,1.34723,1.35123,1.34323,"🚀GBPUSD - BUY🚀

Entry: 1.34523

Stopp-Loss: 1.34323

Take-Profit 1: 1.34623
Take-Profit 2: 1.34723
Take-Profit 3: 1.35123

📊3:1 Risk Reward 📊",1.0
@FREESIGNALSTOTRADEBYLENNART,60299,2026-09-22T08:56:25Z,LONG,CHFJPY,188.468,188.668,188.868,189.668,188.068,"🚀CHFJPY - BUY🚀

Entry: 188.468

Stopp-Loss: 188.068

Take-Profit 1: 188.668
Take-Profit 2: 188.868
Take-Profit 3: 189.668

📊3:1 Risk Reward 📊",1.0
@FREESIGNALSTOTRADEBYLENNART,60324,2026-09-22T11:12:36Z,SHORT,USDCAD,1.4021,1.4006,1.3991,1.3931,1.4051,"🚀USDCAD - SELL🚀

Entry: 1.40210

Stopp-Loss: 1.40510

Take-Profit 1: 1.40060
Take-Profit 2: 1.39910
Take-Profit 3: 1.39310

📊3:1 Risk Reward 📊",1.0
@FREESIGNALSTOTRADEBYLENNART,60353,2026-09-22T15:22:33Z,SHORT,AUDUSD,0.71373,0.71273,0.71173,0.70773,0.71573,"🚀AUDUSD - SELL🚀

Entry: 0.71373

Stopp-Loss: 0.71573

Take-Profit 1: 0.71273
Take-Profit 2: 0.71173
Take-Profit 3: 0.70773

📊3:1 Risk Reward 📊",1.0
@FREESIGNALSTOTRADEBYLENNART,60375,2026-09-22T16:28:31Z,LONG,CHFJPY,188.468,188.668,188.868,189.668,188.068,"🚀CHFJPY - BUY🚀

Entry: 188.468

Stopp-Loss: 188.068

Take-Profit 1: 188.668
Take-Profit 2: 188.868
Take-Profit 3: 189.668

📊3:1 Risk Reward 📊",1.0
@FREESIGNALSTOTRADEBYLENNART,60400,2026-09-22T19:35:54Z,SHORT,EURGBP,0.85746,0.85686,0.85626,0.85386,0.85866,"🚀EURGBP - SELL🚀

Entry: 0.85746

Stopp-Loss: 0.85866

Take-Profit 1: 0.85686
Take-Profit 2: 0.85626
Take-Profit 3: 0.85386

📊3:1 Risk Reward 📊",1.0
@FREESIGNALSTOTRADEBYLENNART,60433,2026-09-23T05:27:57Z,SHORT,GBPUSD,1.33722,1.33652,1.33572,1.33272,1.33872,"🚀GBPUSD - SELL🚀

Entry: 1.33722

Stopp-Loss: 1.33872

Take-Profit 1: 1.33652
Take-Profit 2: 1.33572
Take-Profit 3: 1.33272

📊3:1 Risk Reward 📊",1.0
@FREESIGNALSTOTRADEBYLENNART,60466,2026-09-23T11:10:19Z,SHORT,USDJPY,157.436,157.086,156.736,155.336,158.136,"🚀USDJPY - SELL🚀

Entry: 157.436

Stopp-Loss: 158.136

Take-Profit 1: 157.086
Take-Profit 2: 156.736
Take-Profit 3: 155.336

📊3:1 Risk Reward 📊",1.0
@FREESIGNALSTOTRADEBYLENNART,60506,2026-09-23T15:28:45Z,SHORT,GBPUSD,1.33722,1.33652,1.33572,1.33272,1.33872,"🚀GBPUSD - SELL🚀

Entry: 1.33722

Stopp-Loss: 1.33872

Take-Profit 1: 1.33652
Take-Profit 2: 1.33572
Take-Profit 3: 1.33272

📊3:1 Risk Reward 📊",1.0
@FREESIGNALSTOTRADEBYLENNART,60521,2026-09-23T16:29:53Z,SHORT,NZDUSD,0.57387,0.57287,0.57187,0.56787,0.57587,"🚀NZDUSD - SELL🚀

Entry: 0.57387

Stopp-Loss: 0.57587

Take-Profit 1: 0.57287
Take-Profit 2: 0.57187
Take-Profit 3: 0.56787

📊3:1 Risk Reward 📊",1.0
@FREESIGNALSTOTRADEBYLENNART,60541,2026-09-23T19:19:24Z,SHORT,NZDUSD,0.57387,0.57287,0.57187,0.56787,0.57587,"🚀NZDUSD - SELL🚀

Entry: 0.57387

Stopp-Loss: 0.57587

Take-Profit 1: 0.57287
Take-Profit 2: 0.57187
Take-Profit 3: 0.56787

📊3:1 Risk Reward 📊",1.0
@FREESIGNALSTOTRADEBYLENNART,60566,2026-09-24T05:20:45Z,SHORT,NZDUSD,0.57387,0.57287,0.57187,0.56787,0.57587,"🚀NZDUSD - SELL🚀

Entry: 0.57387

Stopp-Loss: 0.57587

Take-Profit 1: 0.57287
Take-Profit 2: 0.57187
Take-Profit 3: 0.56787

📊3:1 Risk Reward 📊",1.0
@FREESIGNALSTOTRADEBYLENNART,60588,2026-09-24T08:36:47Z,SHORT,GBPUSD,1.33722,1.33652,1.33572,1.33272,1.33872,"🚀GBPUSD - SELL🚀

Entry: 1.33722

Stopp-Loss: 1.33872

Take-Profit 1: 1.33652
Take-Profit 2: 1.33572
Take-Profit 3: 1.33272

📊3:1 Risk Reward 📊",1.0
@FREESIGNALSTOTRADEBYLENNART,60622,2026-09-24T11:14:32Z,SHORT,EURGBP,0.85746,0.85686,0.85626,0.85386,0.85866,"🚀EURGBP - SELL🚀

Entry: 0.85746

Stopp-Loss: 0.85866

Take-Profit 1: 0.85686
Take-Profit 2: 0.85626
Take-Profit 3: 0.85386

📊3:1 Risk Reward 📊",1.0
@FREESIGNALSTOTRADEBYLENNART,60666,2026-09-24T16:53:16Z,SHORT,GBPUSD,1.33722,1.33652,1.33572,1.33272,1.33872,"🚀GBPUSD - SELL🚀

Entry: 1.33722

Stopp-Loss: 1.33872

Take-Profit 1: 1.33652
Take-Profit 2: 1.33572
Take-Profit 3: 1.33272

📊3:1 Risk Reward 📊",1.0
@FREESIGNALSTOTRADEBYLENNART,60687,2026-09-24T19:12:51Z,SHORT,NZDUSD,0.57387,0.57287,0.57187,0.56787,0.57587,"🚀NZDUSD - SELL🚀

Entry: 0.57387

Stopp-Loss: 0.57587

Take-Profit 1: 0.57287
Take-Profit 2: 0.57187
Take-Profit 3: 0.56787

📊3:1 Risk Reward 📊",1.0
@FREESIGNALSTOTRADEBYLENNART,60713,2026-09-25T05:10:01Z,SHORT,EURAUD,1.61878,1.61728,1.61578,1.60978,1.62178,"🚀EURAUD - SELL🚀

Entry: 1.61878

Stopp-Loss: 1.62178

Take-Profit 1: 1.61728
Take-Profit 2: 1.61578
Take-Profit 3: 1.60978

📊3:1 Risk Reward 📊",1.0
@FREESIGNALSTOTRADEBYLENNART,60726,2026-09-25T09:06:48Z,LONG,AUDUSD,0.70118,0.70218,0.70318,0.70718,0.69918,"🚀AUDUSD - BUY🚀

Entry: 0.70118

Stopp-Loss: 0.69918

Take-Profit 1: 0.70218
Take-Profit 2: 0.70318
Take-Profit 3: 0.70718

📊3:1 Risk Reward 📊",1.0
@FREESIGNALSTOTRADEBYLENNART,60752,2026-09-25T11:58:34Z,SHORT,NZDUSD,0.57387,0.57287,0.57187,0.56787,0.57587,"🚀NZDUSD - SELL🚀

Entry: 0.57387

Stopp-Loss: 0.57587

Take-Profit 1: 0.57287
Take-Profit 2: 0.57187
Take-Profit 3: 0.56787

📊3:1 Risk Reward 📊",1.0
@FREESIGNALSTOTRADEBYLENNART,60788,2026-09-25T16:13:32Z,SHORT,GBPUSD,1.33722,1.33652,1.33572,1.33272,1.33872,"🚀GBPUSD - SELL🚀

Entry: 1.33722

Stopp-Loss: 1.33872

Take-Profit 1: 1.33652
Take-Profit 2: 1.33572
Take-Profit 3: 1.33272

📊3:1 Risk Reward 📊",1.0
@FREESIGNALSTOTRADEBYLENNART,60989,2026-09-28T05:42:05Z,SHORT,GBPUSD,1.33722,1.33652,1.33572,1.33272,1.33872,"🚀GBPUSD - SELL🚀

Entry: 1.33722

Stopp-Loss: 1.33872

Take-Profit 1: 1.33652
Take-Profit 2: 1.33572
Take-Profit 3: 1.33272

📊3:1 Risk Reward 📊",1.0
@FREESIGNALSTOTRADEBYLENNART,61045,2026-09-28T11:11:43Z,SHORT,NZDUSD,0.57387,0.57287,0.57187,0.56787,0.57587,"🚀NZDUSD - SELL🚀

Entry: 0.57387

Stopp-Loss: 0.57587

Take-Profit 1: 0.57287
Take-Profit 2: 0.57187
Take-Profit 3: 0.56787

📊3:1 Risk Reward 📊",1.0
@FREESIGNALSTOTRADEBYLENNART,61076,2026-09-28T15:04:50Z,SHORT,EURAUD,1.62305,1.62155,1.62005,1.61405,1.62605,"🚀EURAUD - SELL🚀

Entry: 1.62305

Stopp-Loss: 1.62605

Take-Profit 1: 1.62155
Take-Profit 2: 1.62005
Take-Profit 3: 1.61405

📊3:1 Risk Reward 📊",1.0
@FREESIGNALSTOTRADEBYLENNART,61095,2026-09-28T16:08:53Z,SHORT,EURAUD,1.62305,1.62155,1.62005,1.61405,1.62605,"🚀EURAUD - SELL🚀

Entry: 1.62305

Stopp-Loss: 1.62605

Take-Profit 1: 1.62155
Take-Profit 2: 1.62005
Take-Profit 3: 1.61405

📊3:1 Risk Reward 📊",1.0
@FREESIGNALSTOTRADEBYLENNART,61115,2026-09-28T19:12:38Z,SHORT,EURGBP,0.85746,0.85686,0.85626,0.85386,0.85866,"🚀EURGBP - SELL🚀

Entry: 0.85746

Stopp-Loss: 0.85866

Take-Profit 1: 0.85686
Take-Profit 2: 0.85626
Take-Profit 3: 0.85386

📊3:1 Risk Reward 📊",1.0
@FREESIGNALSTOTRADEBYLENNART,61139,2026-09-29T05:16:25Z,SHORT,NZDUSD,0.57387,0.57287,0.57187,0.56787,0.57587,"🚀NZDUSD - SELL🚀

Entry: 0.57387

Stopp-Loss: 0.57587

Take-Profit 1: 0.57287
Take-Profit 2: 0.57187
Take-Profit 3: 0.56787

📊3:1 Risk Reward 📊",1.0
@FREESIGNALSTOTRADEBYLENNART,61175,2026-09-29T11:58:39Z,SHORT,USDCAD,1.41731,1.41581,1.41431,1.40831,1.42031,"🚀USDCAD - SELL🚀

Entry: 1.41731

Stopp-Loss: 1.42031

Take-Profit 1: 1.41581
Take-Profit 2: 1.41431
Take-Profit 3: 1.40831

📊3:1 Risk Reward 📊",1.0
@FREESIGNALSTOTRADEBYLENNART,61197,2026-09-29T15:02:03Z,SHORT,GBPUSD,1.33722,1.33652,1.33572,1.33272,1.33872,"🚀GBPUSD - SELL🚀

Entry: 1.33722

Stopp-Loss: 1.33872

Take-Profit 1: 1.33652
Take-Profit 2: 1.33572
Take-Profit 3: 1.33272

📊3:1 Risk Reward 📊",1.0
@FREESIGNALSTOTRADEBYLENNART,61221,2026-09-29T19:10:52Z,LONG,AUDJPY,110.06,110.26,110.46,111.26,109.66,"🚀AUDJPY - BUY🚀

Entry: 110.060

Stopp-Loss: 109.660

Take-Profit 1: 110.260
Take-Profit 2: 110.460
Take-Profit 3: 111.260

📊3:1 Risk Reward 📊",1.0
@FREESIGNALSTOTRADEBYLENNART,61250,2026-09-30T05:10:14Z,SHORT,EURUSD,1.13555,1.13455,1.13355,1.12955,1.13755,"🚀EURUSD - SELL🚀

Entry: 1.13555

Stopp-Loss: 1.13755

Take-Profit 1: 1.13455
Take-Profit 2: 1.13355
Take-Profit 3: 1.12955

📊3:1 Risk Reward 📊",1.0
@FREESIGNALSTOTRADEBYLENNART,61262,2026-09-30T08:01:57Z,SHORT,EURUSD,1.13555,1.13455,1.13355,1.12955,1.13755,"🚀EURUSD - SELL🚀

Entry: 1.13555

Stopp-Loss: 1.13755

Take-Profit 1: 1.13455
Take-Profit 2: 1.13355
Take-Profit 3: 1.12955

📊3:1 Risk Reward 📊",1.0
@FREESIGNALSTOTRADEBYLENNART,61292,2026-09-30T11:15:53Z,SHORT,USDCHF,0.83416,0.83296,0.83166,0.82666,0.83666,"🚀USDCHF - SELL🚀

Entry: 0.83416

Stopp-Loss: 0.83666

Take-Profit 1: 0.83296
Take-Profit 2: 0.83166
Take-Profit 3: 0.82666

📊3:1 Risk Reward 📊",1.0
@FREESIGNALSTOTRADEBYLENNART,61328,2026-09-30T15:08:00Z,SHORT,USDCAD,1.41731,1.41581,1.41431,1.40831,1.42031,"🚀USDCAD - SELL🚀

Entry: 1.41731

Stopp-Loss: 1.42031

Take-Profit 1: 1.41581
Take-Profit 2: 1.41431
Take-Profit 3: 1.40831

📊3:1 Risk Reward 📊",1.0
@FREESIGNALSTOTRADEBYLENNART,61347,2026-09-30T16:34:10Z,SHORT,NZDUSD,0.57387,0.57287,0.57187,0.56787,0.57587,"🚀NZDUSD - SELL🚀

Entry: 0.57387

Stopp-Loss: 0.57587

Take-Profit 1: 0.57287
Take-Profit 2: 0.57187
Take-Profit 3: 0.56787

📊3:1 Risk Reward 📊",1.0
@FREESIGNALSTOTRADEBYLENNART,61368,2026-09-30T19:02:22Z,SHORT,GBPUSD,1.33722,1.33652,1.33572,1.33272,1.33872,"🚀GBPUSD - SELL🚀

Entry: 1.33722

Stopp-Loss: 1.33872

Take-Profit 1: 1.33652
Take-Profit 2: 1.33572
Take-Profit 3: 1.33272

📊3:1 Risk Reward 📊",1.0
@FREESIGNALSTOTRADEBYLENNART,61395,2026-10-01T05:31:57Z,SHORT,EURUSD,1.13555,1.13455,1.13355,1.12955,1.13755,"🚀EURUSD - SELL🚀

Entry: 1.13555

Stopp-Loss: 1.13755

Take-Profit 1: 1.13455
Take-Profit 2: 1.13355
Take-Profit 3: 1.12955

📊3:1 Risk Reward 📊",1.0
@FREESIGNALSTOTRADEBYLENNART,61415,2026-10-01T09:08:41Z,SHORT,EURUSD,1.13555,1.13455,1.13355,1.12955,1.13755,"🚀EURUSD - SELL🚀

Entry: 1.13555

Stopp-Loss: 1.13755

Take-Profit 1: 1.13455
Take-Profit 2: 1.13355
Take-Profit 3: 1.12955

📊3:1 Risk Reward 📊",1.0
@FREESIGNALSTOTRADEBYLENNART,61448,2026-10-01T13:22:05Z,SHORT,USDCHF,0.83416,0.83296,0.83166,0.82666,0.83666,"🚀USDCHF - SELL🚀

Entry: 0.83416

Stopp-Loss: 0.83666

Take-Profit 1: 0.83296
Take-Profit 2: 0.83166
Take-Profit 3: 0.82666

📊3:1 Risk Reward 📊",1.0
@FREESIGNALSTOTRADEBYLENNART,61479,2026-10-01T15:17:34Z,SHORT,USDCAD,1.41731,1.41581,1.41431,1.40831,1.42031,"🚀USDCAD - SELL🚀

Entry: 1.41731

Stopp-Loss: 1.42031

Take-Profit 1: 1.41581
Take-Profit 2: 1.41431
Take-Profit 3: 1.40831

📊3:1 Risk Reward 📊",1.0
@FREESIGNALSTOTRADEBYLENNART,61490,2026-10-01T16:44:53Z,SHORT,NZDUSD,0.57387,0.57287,0.57187,0.56787,0.57587,"🚀NZDUSD - SELL🚀

Entry: 0.57387

Stopp-Loss: 0.57587

Take-Profit 1: 0.57287
Take-Profit 2: 0.57187
Take-Profit 3: 0.56787

📊3:1 Risk Reward 📊",1.0
@FREESIGNALSTOTRADEBYLENNART,61525,2026-10-02T05:51:26Z,LONG,EURUSD,1.12676,1.12796,1.12926,1.13426,1.12426,"🚀EURUSD - BUY🚀

Entry: 1.12676

Stopp-Loss: 1.12426

Take-Profit 1: 1.12796
Take-Profit 2: 1.12926
Take-Profit 3: 1.13426

📊3:1 Risk Reward 📊",1.0
@FREESIGNALSTOTRADEBYLENNART,61559,2026-10-02T11:06:40Z,LONG,EURUSD,1.12676,1.12796,1.12926,1.13426,1.12426,"🚀EURUSD - BUY🚀

Entry: 1.12676

Stopp-Loss: 1.12426

Take-Profit 1: 1.12796
Take-Profit 2: 1.12926
Take-Profit 3: 1.13426

📊3:1 Risk Reward 📊",1.0
@FREESIGNALSTOTRADEBYLENNART,61583,2026-10-02T14:29:48Z,SHORT,EURUSD,1.13555,1.13455,1.13355,1.12955,1.13755,"🚀EURUSD - SELL🚀

Entry: 1.13555

Stopp-Loss: 1.13755

Take-Profit 1: 1.13455
Take-Profit 2: 1.13355
Take-Profit 3: 1.12955

📊3:1 Risk Reward 📊",1.0
@FREESIGNALSTOTRADEBYLENNART,61607,2026-10-02T16:08:28Z,SHORT,NZDUSD,0.57387,0.57287,0.57187,0.56787,0.57587,"🚀NZDUSD - SELL🚀

Entry: 0.57387

Stopp-Loss: 0.57587

Take-Profit 1: 0.57287
Take-Profit 2: 0.57187
Take-Profit 3: 0.56787

📊3:1 Risk Reward 📊",1.0
@FREESIGNALSTOTRADEBYLENNART,61628,2026-10-02T19:36:16Z,SHORT,GBPUSD,1.33722,1.33652,1.33572,1.33272,1.33872,"🚀GBPUSD - SELL🚀

Entry: 1.33722

Stopp-Loss: 1.33872

Take-Profit 1: 1.33652
Take-Profit 2: 1.33572
Take-Profit 3: 1.33272

📊3:1 Risk Reward 📊",1.0
@FREESIGNALSTOTRADEBYLENNART,61840,2026-10-05T05:49:00Z,LONG,EURUSD,1.12676,1.12796,1.12926,1.13426,1.12426,"🚀EURUSD - BUY🚀

Entry: 1.12676

Stopp-Loss: 1.12426

Take-Profit 1: 1.12796
Take-Profit 2: 1.12926
Take-Profit 3: 1.13426

📊3:1 Risk Reward 📊",1.0
@FREESIGNALSTOTRADEBYLENNART,61873,2026-10-05T09:08:38Z,SHORT,AUDUSD,0.69434,0.69364,0.69284,0.68984,0.69584,"🚀AUDUSD - SELL🚀

Entry: 0.69434

Stopp-Loss: 0.69584

Take-Profit 1: 0.69364
Take-Profit 2: 0.69284
Take-Profit 3: 0.68984

📊3:1 Risk Reward 📊",1.0
@FREESIGNALSTOTRADEBYLENNART,61897,2026-10-05T11:13:24Z,SHORT,USDCAD,1.42427,1.42277,1.42127,1.41527,1.42727,"🚀USDCAD - SELL🚀

Entry: 1.42427

Stopp-Loss: 1.42727

Take-Profit 1: 1.42277
Take-Profit 2: 1.42127
Take-Profit 3: 1.41527

📊3:1 Risk Reward 📊",1.0
@FREESIGNALSTOTRADEBYLENNART,61922,2026-10-05T14:30:08Z,SHORT,USDCAD,1.42427,1.42277,1.42127,1.41527,1.42727,"🚀USDCAD - SELL🚀

Entry: 1.42427

Stopp-Loss: 1.42727

Take-Profit 1: 1.42277
Take-Profit 2: 1.42127
Take-Profit 3: 1.41527

📊3:1 Risk Reward 📊",1.0
@FREESIGNALSTOTRADEBYLENNART,61948,2026-10-05T16:38:20Z,LONG,EURUSD,1.12676,1.12796,1.12926,1.13426,1.12426,"🚀EURUSD - BUY🚀

Entry: 1.12676

Stopp-Loss: 1.12426

Take-Profit 1: 1.12796
Take-Profit 2: 1.12926
Take-Profit 3: 1.13426

📊3:1 Risk Reward 📊",1.0
@FREESIGNALSTOTRADEBYLENNART,61989,2026-10-06T08:48:00Z,SHORT,USDCAD,1.42427,1.42277,1.42127,1.41527,1.42727,"🚀USDCAD - SELL🚀

Entry: 1.42427

Stopp-Loss: 1.42727

Take-Profit 1: 1.42277
Take-Profit 2: 1.42127
Take-Profit 3: 1.41527

📊3:1 Risk Reward 📊",1.0
@FREESIGNALSTOTRADEBYLENNART,62017,2026-10-06T11:10:53Z,SHORT,USDCAD,1.42427,1.42277,1.42127,1.41527,1.42727,"🚀USDCAD - SELL🚀

Entry: 1.42427

Stopp-Loss: 1.42727

Take-Profit 1: 1.42277
Take-Profit 2: 1.42127
Take-Profit 3: 1.41527

📊3:1 Risk Reward 📊",1.0
@FREESIGNALSTOTRADEBYLENNART,62047,2026-10-06T14:53:27Z,SHORT,AUDUSD,0.69434,0.69364,0.69284,0.68984,0.69584,"🚀AUDUSD - SELL🚀

Entry: 0.69434

Stopp-Loss: 0.69584

Take-Profit 1: 0.69364
Take-Profit 2: 0.69284
Take-Profit 3: 0.68984

📊3:1 Risk Reward 📊",1.0
@FREESIGNALSTOTRADEBYLENNART,62067,2026-10-06T16:33:02Z,LONG,EURUSD,1.12676,1.12796,1.12926,1.13426,1.12426,"🚀EURUSD - BUY🚀

Entry: 1.12676

Stopp-Loss: 1.12426

Take-Profit 1: 1.12796
Take-Profit 2: 1.12926
Take-Profit 3: 1.13426

📊3:1 Risk Reward 📊",1.0
@FREESIGNALSTOTRADEBYLENNART,62108,2026-10-07T08:56:51Z,SHORT,AUDUSD,0.69434,0.69364,0.69284,0.68984,0.69584,"🚀AUDUSD - SELL🚀

Entry: 0.69434

Stopp-Loss: 0.69584

Take-Profit 1: 0.69364
Take-Profit 2: 0.69284
Take-Profit 3: 0.68984

📊3:1 Risk Reward 📊",1.0
@FREESIGNALSTOTRADEBYLENNART,62160,2026-10-07T15:03:25Z,SHORT,USDCAD,1.42427,1.42277,1.42127,1.41527,1.42727,"🚀USDCAD - SELL🚀

Entry: 1.42427

Stopp-Loss: 1.42727

Take-Profit 1: 1.42277
Take-Profit 2: 1.42127
Take-Profit 3: 1.41527

📊3:1 Risk Reward 📊",1.0
@FREESIGNALSTOTRADEBYLENNART,62181,2026-10-07T16:23:14Z,SHORT,USDCAD,1.42427,1.42277,1.42127,1.41527,1.42727,"🚀USDCAD - SELL🚀

Entry: 1.42427

Stopp-Loss: 1.42727

Take-Profit 1: 1.42277
Take-Profit 2: 1.42127
Take-Profit 3: 1.41527

📊3:1 Risk Reward 📊",1.0
@FREESIGNALSTOTRADEBYLENNART,62204,2026-10-07T19:38:23Z,SHORT,NZDUSD,0.57387,0.57287,0.57187,0.56787,0.57587,"🚀NZDUSD - SELL🚀

Entry: 0.57387

Stopp-Loss: 0.57587

Take-Profit 1: 0.57287
Take-Profit 2: 0.57187
Take-Profit 3: 0.56787

📊3:1 Risk Reward 📊",1.0
@FREESIGNALSTOTRADEBYLENNART,62218,2026-10-07T20:24:13Z,SHORT,GBPUSD,1.33722,1.33652,1.33572,1.33272,1.33872,"🚀GBPUSD - SELL🚀

Entry: 1.33722

Stopp-Loss: 1.33872

Take-Profit 1: 1.33652
Take-Profit 2: 1.33572
Take-Profit 3: 1.33272

📊3:1 Risk Reward 📊",1.0
@FREESIGNALSTOTRADEBYLENNART,62254,2026-10-08T08:16:01Z,SHORT,NZDUSD,0.57387,0.57287,0.57187,0.56787,0.57587,"🚀NZDUSD - SELL🚀

Entry: 0.57387

Stopp-Loss: 0.57587

Take-Profit 1: 0.57287
Take-Profit 2: 0.57187
Take-Profit 3: 0.56787

📊3:1 Risk Reward 📊",1.0
@FREESIGNALSTOTRADEBYLENNART,62293,2026-10-08T12:05:37Z,LONG,AUDUSD,0.69503,0.69573,0.69653,0.69953,0.69353,"🚀AUDUSD - BUY🚀

Entry: 0.69503

Stopp-Loss: 0.69353

Take-Profit 1: 0.69573
Take-Profit 2: 0.69653
Take-Profit 3: 0.69953

📊3:1 Risk Reward 📊",1.0
@FREESIGNALSTOTRADEBYLENNART,62312,2026-10-08T13:52:05Z,LONG,AUDUSD,0.69503,0.69573,0.69653,0.69953,0.69353,"🚀AUDUSD - BUY🚀

Entry: 0.69503

Stopp-Loss: 0.69353

Take-Profit 1: 0.69573
Take-Profit 2: 0.69653
Take-Profit 3: 0.69953

📊3:1 Risk Reward 📊",1.0
@FREESIGNALSTOTRADEBYLENNART,62333,2026-10-08T14:52:03Z,SHORT,GBPUSD,1.32781,1.32581,1.32381,1.31581,1.33181,"🚀GBPUSD - SELL🚀

Entry: 1.32781

Stopp-Loss: 1.33181

Take-Profit 1: 1.32581
Take-Profit 2: 1.32381
Take-Profit 3: 1.31581

📊3:1 Risk Reward 📊",1.0
@FREESIGNALSTOTRADEBYLENNART,62353,2026-10-08T16:24:13Z,SHORT,EURUSD,1.12658,1.12458,1.12258,1.11458,1.13058,"🚀EURUSD - SELL🚀

Entry: 1.12658

Stopp-Loss: 1.13058

Take-Profit 1: 1.12458
Take-Profit 2: 1.12258
Take-Profit 3: 1.11458

📊3:1 Risk Reward 📊",1.0
@FREESIGNALSTOTRADEBYLENNART,62389,2026-10-09T05:33:31Z,SHORT,EURUSD,1.12658,1.12458,1.12258,1.11458,1.13058,"🚀EURUSD - SELL🚀

Entry: 1.12658

Stopp-Loss: 1.13058

Take-Profit 1: 1.12458
Take-Profit 2: 1.12258
Take-Profit 3: 1.11458

📊3:1 Risk Reward 📊",1.0
@FREESIGNALSTOTRADEBYLENNART,62428,2026-10-09T13:24:58Z,LONG,USDJPY,157.932,158.002,158.082,158.382,157.782,"🚀USDJPY - BUY🚀

Entry: 157.932

Stopp-Loss: 157.782

Take-Profit 1: 158.002
Take-Profit 2: 158.082
Take-Profit 3: 158.382

📊3:1 Risk Reward 📊",1.0
@FREESIGNALSTOTRADEBYLENNART,62447,2026-10-09T14:28:48Z,LONG,USDJPY,157.932,158.002,158.082,158.382,157.782,"🚀USDJPY - BUY🚀

Entry: 157.932

Stopp-Loss: 157.782

Take-Profit 1: 158.002
Take-Profit 2: 158.082
Take-Profit 3: 158.382

📊3:1 Risk Reward 📊",1.0
@FREESIGNALSTOTRADEBYLENNART,62470,2026-10-09T16:01:41Z,LONG,CADCHF,0.58408,0.58468,0.58528,0.58768,0.58288,"🚀CADCHF - BUY🚀

Entry: 0.58408

Stopp-Loss: 0.58288

Take-Profit 1: 0.58468
Take-Profit 2: 0.58528
Take-Profit 3: 0.58768

📊3:1 Risk Reward 📊",1.0
@FXFARO_FREEGROUP,13462,2026-09-14T12:24:54Z,SHORT,CADJPY,,108.779,,,112.409,"Sell NOW CADJPY @ 111.204
SL @ 112.409
TP @ 108.779",0.9
@FXFARO_FREEGROUP,13494,2026-09-16T10:42:41Z,LONG,GBPNZD,,2.37005,,,2.32284,"Buy NOW GBPNZD @ 2.33872
SL @ 2.32284
TP @ 2.37005",0.9
@FXFARO_FREEGROUP,13619,2026-09-22T12:02:48Z,LONG,AUDCHF,,0.59084,,,0.57896,"Buy NOW AUDCHF @ 0.58261
SL @ 0.57896
TP @ 0.59084",0.9
@FXFARO_FREEGROUP,13642,2026-09-23T12:31:56Z,SHORT,EURAUD,,1.60094,,,1.62018,"Sell NOW EURAUD @ 1.61401
SL @ 1.62018
TP @ 1.60094",0.9
@FXFARO_FREEGROUP,13689,2026-09-25T09:29:33Z,SHORT,GBPAUD,,1.87178,,,1.8887,"Sell NOW GBPAUD @ 1.88305
SL @ 1.88870
TP @ 1.87178",0.9
@FXFARO_FREEGROUP,13745,2026-09-28T12:13:12Z,LONG,EURNZD,,2.03706,,,1.99474,"Buy NOW EURNZD @ 2.00717
SL @ 1.99474
TP @ 2.03706",0.9
@FXFARO_FREEGROUP,13774,2026-09-30T07:24:13Z,LONG,USDCAD,,1.42762,,,1.41358,"Buy NOW USDCAD @ 1.41796
SL @ 1.41358
TP @ 1.42762",0.9
@FXFARO_FREEGROUP,13814,2026-10-01T13:04:35Z,LONG,GBPNZD,,2.3885,,,2.34201,"Buy NOW GBPNZD @ 2.35681
SL @ 2.34201
TP @ 2.38850",0.9
@FXFARO_FREEGROUP,13836,2026-10-02T14:05:42Z,SHORT,EURCAD,,1.59178,,,1.61133,"Sell NOW EURCAD @ 1.60476
SL @ 1.61133
TP @ 1.59178",0.9
@FXFARO_FREEGROUP,13926,2026-10-06T09:40:22Z,SHORT,EURAUD,,1.6008,,,1.61899,"Sell NOW EURAUD @ 1.61313
SL @ 1.61899
TP @ 1.60080",0.9
@REALNATEFXC,5016,2026-09-15T10:42:48Z,LONG,XAUUSD,4274.0,4400.0,,,4250.0,"SIGNAL ALERT


XAUUSD

BUY

ENTRY AREA 4274-4269

🎯Target: 4400

❌Stop loss: 4250

This is not financial advice. This is a personal trade idea shared for educational and informational purposes only",1.0
@REALNATEFXC,5038,2026-09-16T12:38:17Z,SHORT,XAUUSD,4343.0,4300.0,,,4362.0,"SIGNAL ALERT


XAUUSD

SELL

ENTRY AREA 4343-4348

🎯Target: 4300

❌Stop loss: 4362

This is not financial advice. This is a personal trade idea shared for educational and informational purposes only",1.0
@REALNATEFXC,5054,2026-09-17T14:39:04Z,LONG,XAUUSD,,4410.0,,,4345.0,"BUY TRADE XAU/USD 

4360-4363.8

📍Stop Loss: 4345

Target: 4410

This is not financial advice. This is a personal trade idea shared for educational and informational purposes only.",0.9
@REALNATEFXC,5062,2026-09-18T10:19:34Z,LONG,XAUUSD,,4430.0,,,4350.0,"BUY TRADE XAU/USD 

4373.0-4378.0

📍Stop Loss: 4350

Target: 4430

This is not financial advice. This is a personal trade idea shared for educational and informational purposes only.",0.9
@TAURUSTRADERSSIGNALE,39690,2026-09-17T11:51:59Z,LONG,XAUUSD,4336.0,4340.0,4341.0,4370.0,4310.0,"NEW TRADE IDEA

XAUUSD BUY STOP 4336

TP 1 4340
TP 2 4341
TP 3 4370

SL @ 4310

Trade accordingly and only trade with money you can afford to LOSE.

DOUBLE LOTSIZE",1.0
@TAURUSTRADERSSIGNALE,39696,2026-09-17T13:30:42Z,LONG,XAUUSD,4375.0,4379.0,4380.0,4395.0,4355.0,"NEW TRADE IDEA

XAUUSD BUY 4375

TP 1 4379
TP 2 4380
TP 3 4395

SL @ 4355

Trade accordingly and only trade with money you can afford to LOSE.",1.0
@TAURUSTRADERSSIGNALE,39698,2026-09-17T15:15:10Z,SHORT,XAUUSD,4358.0,4354.0,4353.0,4330.0,4375.0,"NEW TRADE IDEA

XAUUSD SELL 4358

TP 1 4354
TP 2 4353
TP 3 4330

SL @ 4375

Trade accordingly and only trade with money you can afford to LOSE.

HIGH LOTSIZE",1.0
@TAURUSTRADERSSIGNALE,39733,2026-09-18T14:23:36Z,SHORT,XAUUSD,4352.0,4348.0,4340.0,,4364.0,"NEW TRADE IDEA

XAUUSD SELL 4352

TP 4348

TP 2 4340

SL @ 4364

Trade accordingly and only trade with money you can afford to LOSE.",1.0
@TAURUSTRADERSSIGNALE,39841,2026-09-21T09:43:48Z,SHORT,XAUUSD,4346.0,4342.0,4341.0,4320.0,4365.0,"NEW TRADE IDEA

XAUUSD SELL 4346

TP 1 4342
TP 2 4341
TP 3 4320

SL @ 4365

Trade accordingly and only trade with money you can afford to LOSE.",1.0
@TAURUSTRADERSSIGNALE,39850,2026-09-21T17:14:25Z,SHORT,XAUUSD,4346.0,4342.0,4335.0,,4359.0,"NEW TRADE IDEA

XAUUSD SELL 4346

TP 4342

TP 2 4335

SL @ 4359

Trade accordingly and only trade with money you can afford to LOSE.",1.0
@TAURUSTRADERSSIGNALE,39865,2026-09-22T09:08:44Z,LONG,XAUUSD,4316.0,4320.0,4330.0,,4316.0,"NEW TRADE IDEA

XAUUSD BUY LIMIT 4316

TP 4320

TP 2 4330

SL @ 4316

Trade accordingly and only trade with money you can afford to LOSE.",1.0
@TAURUSTRADERSSIGNALE,39868,2026-09-22T11:57:53Z,SHORT,XAUUSD,4422.0,4318.0,4310.0,,4332.0,"NEW TRADE IDEA

XAUUSD SELL 4422

TP 4318

TP 2 4310

SL @ 4332

Trade accordingly and only trade with money you can afford to LOSE.",1.0
@TAURUSTRADERSSIGNALE,39892,2026-09-22T18:14:28Z,SHORT,XAUUSD,4359.0,4355.0,4350.0,,4369.0,"NEW TRADE IDEA

XAUUSD SELL 4359

TP 4355

TP 2 4350

SL @ 4369

Trade accordingly and only trade with money you can afford to LOSE.

USE DOUBLE LOTSIZE",1.0
@TAURUSTRADERSSIGNALE,39909,2026-09-23T10:03:00Z,LONG,XAUUSD,4304.0,4308.0,4315.0,,4295.0,"NEW TRADE IDEA

XAUUSD BUY LIMIT 4304

TP 4308

TP 2 4315

SL @ 4295

Trade accordingly and only trade with money you can afford to LOSE.",1.0
@TAURUSTRADERSSIGNALE,39912,2026-09-23T11:33:58Z,LONG,XAUUSD,4301.0,4305.0,4315.0,,4285.0,"NEW TRADE IDEA

XAUUSD BUY 4301

TP 4305

TP 2 4315

SL @ 4285

Trade accordingly and only trade with money you can afford to LOSE.",1.0
@TAURUSTRADERSSIGNALE,39916,2026-09-23T15:10:22Z,SHORT,XAUUSD,4295.0,4291.0,4275.0,,4312.0,"NEW TRADE IDEA

XAUUSD SELL 4295

TP 4291

TP 2 4275

SL @ 4312

Trade accordingly and only trade with money you can afford to LOSE.",1.0
@TAURUSTRADERSSIGNALE,39939,2026-09-24T09:14:44Z,LONG,XAUUSD,4262.0,4266.0,4275.0,,4245.0,"NEW TRADE IDEA

XAUUSD BUY 4262

TP 4266

TP 2 4275

SL @ 4245

Trade accordingly and only trade with money you can afford to LOSE.

DOUBLE LOT",1.0
@TAURUSTRADERSSIGNALE,39946,2026-09-24T14:47:20Z,SHORT,XAUUSD,4257.0,4253.0,4240.0,,4370.0,"NEW TRADE IDEA

XAUUSD SELL 4257

TP 4253

TP 2 4240

SL @ 4370

Trade accordingly and only trade with money you can afford to LOSE.

DOUBLE LOTSIZE",1.0
@TAURUSTRADERSSIGNALE,39969,2026-09-25T10:40:19Z,LONG,XAUUSD,4303.0,4307.0,4318.0,,4290.0,"NEW TRADE IDEA

XAUUSD BUY 4303

TP 4307

TP 2 4318

SL @ 4290

Trade accordingly and only trade with money you can afford to LOSE.",1.0
@TAURUSTRADERSSIGNALE,40068,2026-09-28T10:06:38Z,SHORT,XAUUSD,4165.0,4162.0,4161.0,4140.0,4185.0,"NEW TRADE IDEA

XAUUSD SELL LIMIT 4165-4166

TP 1 4162
TP 2 4161
TP 3 4140

SL @ 4185

Trade accordingly and only trade with money you can afford to LOSE.",1.0
@TAURUSTRADERSSIGNALE,40125,2026-09-29T18:03:11Z,SHORT,XAUUSD,4154.0,4150.0,4140.0,,4168.0,"NEW TRADE IDEA

XAUUSD SELL 4154

TP 4150

TP 2 4140

SL @ 4168

Trade accordingly and only trade with money you can afford to LOSE.",1.0
@TAURUSTRADERSSIGNALE,40142,2026-09-30T09:06:39Z,LONG,XAUUSD,4191.0,4195.0,4205.0,,4175.0,"NEW TRADE IDEA

XAUUSD BUY 4191

TP 4195

TP 2 4205

SL @ 4175

Trade accordingly and only trade with money you can afford to LOSE.",1.0
@TAURUSTRADERSSIGNALE,40144,2026-09-30T10:53:02Z,LONG,XAUUSD,4181.0,4185.0,4195.0,,4165.0,"NEW TRADE IDEA

XAUUSD BUY LIMIT 4181

TP 4185

TP 2 4195

SL @ 4165

Trade accordingly and only trade with money you can afford to LOSE.

DOUBLE LOTSIZE",1.0
@TAURUSTRADERSSIGNALE,40150,2026-09-30T15:22:24Z,SHORT,XAUUSD,4158.0,4154.0,4140.0,,4173.0,"NEW TRADE IDEA

XAUUSD SELL 4158

TP 4154

TP 2 4140

SL @ 4173

Trade accordingly and only trade with money you can afford to LOSE.

DOUBLE LOTSIZE",1.0
@TAURUSTRADERSSIGNALE,40172,2026-10-01T08:42:08Z,SHORT,XAUUSD,4156.0,4152.0,4140.0,,4170.0,"NEW TRADE IDEA

XAUUSD SELL 4156

TP 4152

TP 2 4140

SL @ 4170

Trade accordingly and only trade with money you can afford to LOSE.

DOUBLE LOTSIZE",1.0
@TAURUSTRADERSSIGNALE,40178,2026-10-01T12:43:15Z,LONG,XAUUSD,4185.0,4189.0,4200.0,,4170.0,"NEW TRADE IDEA

XAUUSD BUY 4185

TP 4189

TP 2 4200

SL @ 4170

Trade accordingly and only trade with money you can afford to LOSE.

DOUBLE LOTSIZE",1.0
@TAURUSTRADERSSIGNALE,40181,2026-10-01T14:20:43Z,LONG,XAUUSD,4154.0,4158.0,4169.0,,4148.0,"NEW TRADE IDEA

XAUUSD BUY 4154

TP 4158

TP 2 4169

SL @ 4148

Trade accordingly and only trade with money you can afford to LOSE.

DOUBLE LOTSIZE",1.0
@TAURUSTRADERSSIGNALE,40189,2026-10-01T18:14:25Z,SHORT,XAUUSD,4172.0,4168.0,4160.0,,4185.0,"NEW TRADE IDEA

XAUUSD SELL 4172

TP 4168

TP 2 4160

SL @ 4185

Trade accordingly and only trade with money you can afford to LOSE.

DOUBLE LOTSIZE",1.0
@TAURUSTRADERSSIGNALE,40212,2026-10-02T11:24:41Z,LONG,XAUUSD,4185.0,4189.0,4199.0,,4165.0,"NEW TRADE IDEA

XAUUSD BUY 4185

TP 4189

TP 2 4199

SL @ 4165

Trade accordingly and only trade with money you can afford to LOSE.

DOUBLE LOTSIZE",1.0
@TAURUSTRADERSSIGNALE,40218,2026-10-02T14:56:53Z,LONG,XAUUSD,4156.0,4160.0,4161.0,4200.0,4140.0,"NEW TRADE IDEA

XAUUSD BUY 4156

TP 1 4160
TP 2 4161
TP 3 4200

SL @ 4140

Trade accordingly and only trade with money you can afford to LOSE.

DOUBLE LOTSIZE",1.0
@TAURUSTRADERSSIGNALE,40286,2026-10-05T10:26:41Z,SHORT,XAUUSD,4159.0,4155.0,4150.0,,4173.0,"NEW TRADE IDEA

XAUUSD SELL 4159

TP 4155

TP 2 4150

SL @ 4173

Trade accordingly and only trade with money you can afford to LOSE.",1.0
@TAURUSTRADERSSIGNALE,40293,2026-10-05T18:05:46Z,SHORT,XAUUSD,4144.0,4141.0,4130.0,,4160.0,"NEW TRADE IDEA

XAUUSD SELL LIMIT 4144-4145

TP 4141

TP 2 4130

SL @ 4160

Trade accordingly and only trade with money you can afford to LOSE",1.0
@TAURUSTRADERSSIGNALE,40318,2026-10-06T11:17:31Z,SHORT,XAUUSD,4164.0,4160.0,4155.0,,4180.0,"NEW TRADE IDEA

XAUUSD SELL LIMIT 4164

TP 4160

TP 2 4155

SL @ 4180

Trade accordingly and only trade with money you can afford to LOSE",1.0
@TAURUSTRADERSSIGNALE,40325,2026-10-06T19:11:33Z,LONG,XAUUSD,4177.0,4181.0,4195.0,,4160.0,"NEW TRADE IDEA

XAUUSD BUY 4177

TP 4181

TP 2 4195

SL @ 4160

Trade accordingly and only trade with money you can afford to LOSE",1.0
@TAURUSTRADERSSIGNALE,40375,2026-10-08T08:34:27Z,LONG,XAUUSD,4126.0,4130.0,4140.0,,4110.0,"NEW TRADE IDEA

XAUUSD BUY 4126

TP 4130

TP 2 4140

SL @ 4110

Trade accordingly and only trade with money you can afford to LOSE",1.0
@TAURUSTRADERSSIGNALE,40384,2026-10-08T12:44:46Z,LONG,XAUUSD,4121.0,4125.0,4135.0,,4105.0,"NEW TRADE IDEA

XAUUSD BUY 4121

TP 4125

TP 2 4135

SL @ 4105

Trade accordingly and only trade with money you can afford to LOSE",1.0
@TAURUSTRADERSSIGNALE,40397,2026-10-08T16:59:21Z,SHORT,XAUUSD,4125.0,4121.0,4110.0,,4143.0,"NEW TRADE IDEA

XAUUSD SELL 4125

TP 4121

TP 2 4110

SL @ 4143

Trade accordingly and only trade with money you can afford to LOSE",1.0
@TAURUSTRADERSSIGNALE,40428,2026-10-09T10:58:30Z,SHORT,XAUUSD,4183.0,4179.0,4170.0,,4205.0,"NEW TRADE IDEA

XAUUSD SELL 4183

TP 4179

TP 2 4170

SL @ 4205

Trade accordingly and only trade with money you can afford to LOSE",1.0
@TAURUSTRADERSSIGNALE,40435,2026-10-09T13:02:00Z,SHORT,XAUUSD,4178.0,4174.0,4160.0,,4195.0,"NEW TRADE IDEA

XAUUSD SELL 4178

TP 4174

TP 2 4160

SL @ 4195

Trade accordingly and only trade with money you can afford to LOSE",1.0
@TAURUSTRADERSSIGNALE,40440,2026-10-09T17:35:08Z,SHORT,XAUUSD,4192.0,4188.0,4175.0,,4210.0,"NEW TRADE IDEA

XAUUSD SELL 4192

TP 4188

TP 2 4175

SL @ 4210

Trade accordingly and only trade with money you can afford to LOSE",1.0
@TOPNOTCHFOREXFREE,23713,2026-09-09T07:52:31Z,SHORT,XAUUSD,4409.6,4407.3,4404.2,4394.2,4425.0,"🌎 SIGNAL ALERT!

💰 SELL XAUUSD 4409.6

🛩 TP1: 4407.3
🛩 TP2: 4404.2
🛩 TP3: 4394.2

⛔️ SL: 4425.0",1.0
@TOPNOTCHFOREXFREE,23724,2026-09-10T08:18:24Z,SHORT,XAUUSD,4406.1,4404.0,4401.2,4392.2,4420.0,"🌎 SIGNAL ALERT!

💰 SELL XAUUSD 4406.1

🛩 TP1: 4404.0
🛩 TP2: 4401.2
🛩 TP3: 4392.2

⛔️ SL: 4420.0",1.0
@TOPNOTCHFOREXFREE,23738,2026-09-11T07:16:42Z,SHORT,XAUUSD,4350.6,4348.4,4345.4,4335.7,4365.5,"🌎 SIGNAL ALERT!

💰 SELL XAUUSD 4350.6

🛩 TP1: 4348.4
🛩 TP2: 4345.4
🛩 TP3: 4335.7

⛔️ SL: 4365.5",1.0
@TOPNOTCHFOREXFREE,23756,2026-09-14T07:34:33Z,SHORT,XAUUSD,4317.0,4314.8,4311.9,4302.5,4331.5,"🌎 SIGNAL ALERT!

💰 SELL XAUUSD 4317.0

🛩 TP1: 4314.8
🛩 TP2: 4311.9
🛩 TP3: 4302.5

⛔️ SL: 4331.5",1.0
@TOPNOTCHFOREXFREE,23769,2026-09-15T07:21:43Z,SHORT,XAUUSD,4289.8,4287.3,4284.0,4273.1,4306.5,"🌎 SIGNAL ALERT!

💰 SELL XAUUSD 4289.8

🛩 TP1: 4287.3
🛩 TP2: 4284.0
🛩 TP3: 4273.1

⛔️ SL: 4306.5",1.0
@TOPNOTCHFOREXFREE,23782,2026-09-16T07:44:08Z,LONG,XAUUSD,4337.0,4339.4,4342.6,4353.0,4321.0,"🌎 SIGNAL ALERT!

💰 BUY XAUUSD 4337.0

🛩 TP1: 4339.4
🛩 TP2: 4342.6
🛩 TP3: 4353.0

⛔️ SL: 4321.0",1.0
@TOPNOTCHFOREXFREE,23794,2026-09-17T07:58:42Z,LONG,XAUUSD,4325.1,4327.4,4330.5,4340.5,4309.7,"🌎 SIGNAL ALERT!

💰 BUY XAUUSD 4325.1

🛩 TP1: 4327.4
🛩 TP2: 4330.5
🛩 TP3: 4340.5

⛔️ SL: 4309.7",1.0
@TOPNOTCHFOREXFREE,23801,2026-09-18T08:56:59Z,LONG,XAUUSD,4393.7,4395.2,4397.1,4403.4,4384.0,"🌎 SIGNAL ALERT!

💰 BUY XAUUSD 4393.7

🛩 TP1: 4395.2
🛩 TP2: 4397.1
🛩 TP3: 4403.4

⛔️ SL: 4384.0",1.0
@TOPNOTCHFOREXFREE,23820,2026-09-21T08:00:03Z,SHORT,XAUUSD,4345.2,4343.1,4340.2,4330.9,4359.5,"🌎 SIGNAL ALERT!

💰 SELL XAUUSD 4345.2

🛩 TP1: 4343.1
🛩 TP2: 4340.2
🛩 TP3: 4330.9

⛔️ SL: 4359.5",1.0
@TOPNOTCHFOREXFREE,23831,2026-09-22T08:17:56Z,SHORT,XAUUSD,4301.5,4299.3,4296.3,4286.7,4316.3,"🌎 SIGNAL ALERT!

💰 SELL XAUUSD 4301.5

🛩 TP1: 4299.3
🛩 TP2: 4296.3
🛩 TP3: 4286.7

⛔️ SL: 4316.3",1.0
@TOPNOTCHFOREXFREE,23841,2026-09-23T07:25:26Z,SHORT,XAUUSD,4328.2,4326.1,4323.3,4314.1,4342.3,"🌎 SIGNAL ALERT!

💰 SELL XAUUSD 4328.2

🛩 TP1: 4326.1
🛩 TP2: 4323.3
🛩 TP3: 4314.1

⛔️ SL: 4342.3",1.0
@TOPNOTCHFOREXFREE,23853,2026-09-24T07:22:16Z,SHORT,XAUUSD,4284.6,4282.4,4279.6,4270.2,4299.0,"🌎 SIGNAL ALERT!

💰 SELL XAUUSD 4284.6

🛩 TP1: 4282.4
🛩 TP2: 4279.6
🛩 TP3: 4270.2

⛔️ SL: 4299.0",1.0
@TOPNOTCHFOREXFREE,23864,2026-09-25T07:25:26Z,SHORT,XAUUSD,4275.1,4273.0,4270.3,4261.4,4288.8,"🌎 SIGNAL ALERT!

💰 SELL XAUUSD 4275.1

🛩 TP1: 4273.0
🛩 TP2: 4270.3
🛩 TP3: 4261.4

⛔️ SL: 4288.8",1.0
@TOPNOTCHFOREXFREE,23866,2026-09-25T09:37:25Z,SHORT,XAUUSD,4295.7,4293.5,4290.5,4280.8,4310.6,"🌎 SIGNAL ALERT!

💰 SELL XAUUSD 4295.7

🛩 TP1: 4293.5
🛩 TP2: 4290.5
🛩 TP3: 4280.8

⛔️ SL: 4310.6",1.0
@TOPNOTCHFOREXFREE,23883,2026-09-28T07:51:16Z,SHORT,XAUUSD,4156.0,4153.8,4150.9,4141.5,4170.5,"🌎 SIGNAL ALERT!

💰 SELL XAUUSD 4156.0

🛩 TP1: 4153.8
🛩 TP2: 4150.9
🛩 TP3: 4141.5

⛔️ SL: 4170.5",1.0
@TOPNOTCHFOREXFREE,23897,2026-09-29T07:41:39Z,SHORT,XAUUSD,4144.4,4142.3,4139.5,4130.5,4158.3,"🌎 SIGNAL ALERT!

💰 SELL XAUUSD 4144.4

🛩 TP1: 4142.3
🛩 TP2: 4139.5
🛩 TP3: 4130.5

⛔️ SL: 4158.3",1.0
@TOPNOTCHFOREXFREE,23909,2026-09-30T07:13:18Z,LONG,XAUUSD,4194.5,4196.9,4200.0,4210.2,4178.8,"🌎 SIGNAL ALERT!

💰 BUY XAUUSD 4194.5

🛩 TP1: 4196.9
🛩 TP2: 4200.0
🛩 TP3: 4210.2

⛔️ SL: 4178.8",1.0
@TOPNOTCHFOREXFREE,23921,2026-10-01T07:42:19Z,LONG,XAUUSD,4163.9,4166.0,4168.8,4177.8,4150.0,"🌎 SIGNAL ALERT!

💰 BUY XAUUSD 4163.9

🛩 TP1: 4166.0
🛩 TP2: 4168.8
🛩 TP3: 4177.8

⛔️ SL: 4150.0",1.0
@TOPNOTCHFOREXFREE,23923,2026-10-01T09:56:49Z,SHORT,XAUUSD,4155.1,4153.2,4150.6,4142.2,4168.0,"🌎 SIGNAL ALERT!

💰 SELL XAUUSD 4155.1

🛩 TP1: 4153.2
🛩 TP2: 4150.6
🛩 TP3: 4142.2

⛔️ SL: 4168.0",1.0
@TOPNOTCHFOREXFREE,23936,2026-10-02T07:54:52Z,LONG,XAUUSD,4185.2,4187.4,4190.3,4199.9,4170.5,"🌎 SIGNAL ALERT!

💰 BUY XAUUSD 4185.2

🛩 TP1: 4187.4
🛩 TP2: 4190.3
🛩 TP3: 4199.9

⛔️ SL: 4170.5",1.0
@TOPNOTCHFOREXFREE,23952,2026-10-05T07:24:08Z,LONG,XAUUSD,4154.1,4156.3,4159.2,4168.8,4139.4,"🌎 SIGNAL ALERT!

💰 BUY XAUUSD 4154.1

🛩 TP1: 4156.3
🛩 TP2: 4159.2
🛩 TP3: 4168.8

⛔️ SL: 4139.4",1.0
@TOPNOTCHFOREXFREE,23954,2026-10-05T10:29:56Z,LONG,XAUUSD,4158.3,4160.1,4162.5,4170.3,4146.3,"🌎 SIGNAL ALERT!

💰 BUY XAUUSD 4158.3

🛩 TP1: 4160.1
🛩 TP2: 4162.5
🛩 TP3: 4170.3

⛔️ SL: 4146.3",1.0
@TOPNOTCHFOREXFREE,23966,2026-10-06T08:58:39Z,SHORT,XAUUSD,4151.6,4149.7,4147.2,4138.9,4164.3,"🌎 SIGNAL ALERT!

💰 SELL XAUUSD 4151.6

🛩 TP1: 4149.7
🛩 TP2: 4147.2
🛩 TP3: 4138.9

⛔️ SL: 4164.3",1.0
@TOPNOTCHFOREXFREE,23973,2026-10-07T06:25:49Z,SHORT,XAUUSD,4130.1,4127.9,4125.0,4115.5,4144.7,"🌎 SIGNAL ALERT!

💰 SELL XAUUSD 4130.1

🛩 TP1: 4127.9
🛩 TP2: 4125.0
🛩 TP3: 4115.5

⛔️ SL: 4144.7",1.0
@TOPNOTCHFOREXFREE,23984,2026-10-08T06:27:07Z,SHORT,XAUUSD,4117.0,4114.6,4111.5,4101.3,4132.7,"🌎 SIGNAL ALERT!

💰 SELL XAUUSD 4117.0

🛩 TP1: 4114.6
🛩 TP2: 4111.5
🛩 TP3: 4101.3

⛔️ SL: 4132.7",1.0
@TOPNOTCHFOREXFREE,23986,2026-10-08T09:42:19Z,SHORT,XAUUSD,4120.5,4118.5,4115.8,4107.0,4134.0,"🌎 SIGNAL ALERT!

💰 SELL XAUUSD 4120.5

🛩 TP1: 4118.5
🛩 TP2: 4115.8
🛩 TP3: 4107.0

⛔️ SL: 4134.0",1.0
@TOPNOTCHFOREXFREE,23994,2026-10-09T07:09:46Z,LONG,XAUUSD,4194.1,4196.4,4199.4,4209.2,4179.0,"🌎 SIGNAL ALERT!

💰 BUY XAUUSD 4194.1

🛩 TP1: 4196.4
🛩 TP2: 4199.4
🛩 TP3: 4209.2

⛔️ SL: 4179.0",1.0
@TRADINGCENTRALGLOBAL,53609,2026-09-14T12:37:06Z,LONG,XAUUSD,4274.0,4284.0,4320.0,,4264.0,"Buy XAUUSD @ 4274 

TP #1: 4284

TP #2: 4320
__

SL: 4264 (4263.75)",1.0
@TRADINGCENTRALGLOBAL,53647,2026-09-16T11:56:48Z,SHORT,XAUUSD,4346.0,4336.0,4300.0,,4356.0,"Sell XAUUSD @ 4346 

TP #1: 4336

TP #2: 4300
__

SL: 4356 (4356.25)",1.0
@TRADINGCENTRALGLOBAL,53728,2026-09-22T12:33:51Z,SHORT,XAUUSD,4343.0,4333.0,4300.0,,4353.0,"Sell XAUUSD @ 4343 (4342.75) 

TP #1: 4333

TP #2: 4300
__

SL: 4353 (4353.25)",1.0
@TRADINGCENTRALGLOBAL,53868,2026-09-29T11:04:29Z,SHORT,XAUUSD,4156.0,4100.0,,,4166.0,"Sell XAUUSD @ 4156 

TP: 4100
__

SL: 4166 (4166.25)",1.0
@TRADINGCENTRALGLOBAL,53896,2026-09-30T14:03:53Z,LONG,XAUUSD,4176.0,4186.0,4230.0,,4166.0,"Buy XAUUSD @ 4176 

TP #1: 4186

TP #2: 4230
__

SL: 4166 (4165.75)",1.0
@TRADINGCENTRALGLOBAL,53903,2026-09-30T14:33:54Z,LONG,XAUUSD,,4174.0,4220.0,,4154.0,"Buy Limit XAUUSD @ 4164 (4164.25) 

TP #1: 4174

TP #2: 4220
__

SL: 4154 (4153.75)",0.9
@TRADINGCENTRALGLOBAL,53996,2026-10-06T10:47:30Z,SHORT,XAUUSD,4160.0,4150.0,4120.0,,4170.0,"Sell XAUUSD @ 4160 

TP #1: 4150

TP #2: 4120
__

SL: 4170 (4170.25)",1.0
@TRADINGCENTRALGLOBAL,54004,2026-10-06T12:24:35Z,SHORT,XAUUSD,,4185.0,4140.0,,4205.0,"Sell Limit XAUUSD @ 4195 (4194.75)

TP #1: 4185

TP #2: 4140
__

SL: 4205 (4205.25)",0.9
@TRADINGCENTRALGLOBAL,54007,2026-10-06T14:01:06Z,LONG,XAUUSD,4152.0,4162.0,4195.0,,4142.0,"Buy XAUUSD @ 4152 

TP #1: 4162

TP #2: 4195
__

SL: 4142 (4141.75)",1.0
@WOLFXSIGNALS_FREEGROUP,11597,2026-09-10T16:15:08Z,SHORT,XAUUSD,4360.0,4358.0,4355.0,4350.0,4368.0,"🔔 GOLD VIP SIGNAL 🔔

XAUUSD 📉 SELL 4360.00

💰TP1 4358.00
💰TP2 4355.00
💰TP3 4350.00
🚫SL 4368.00

——————————————————
Check out our PDF, where we explain everything you need to know to follow our signals: wolfxsignals.com/get-started/ 

📌QUESTION: Where to follow our Forex Signals? 👉 {HERE}",1.0
@WOLFXSIGNALS_FREEGROUP,11653,2026-09-18T14:45:06Z,LONG,XAUUSD,4354.0,4356.0,4359.0,4364.0,4346.0,"🔔 GOLD VIP SIGNAL 🔔

XAUUSD 📈 BUY 4354.00

💰TP1 4356.00
💰TP2 4359.00
💰TP3 4364.00
🚫SL 4346.00

——————————————————
Check out our PDF, where we explain everything you need to know to follow our signals: wolfxsignals.com/get-started/ 

📌QUESTION: Where to follow our Forex Signals? 👉 {HERE}",1.0
@WOLFXSIGNALS_FREEGROUP,11707,2026-09-23T16:09:20Z,LONG,XAUUSD,4282.0,4284.0,4287.0,4292.0,4274.0,"🔔 GOLD VIP SIGNAL 🔔

XAUUSD 📈 BUY 4282.00

💰TP1 4284.00
💰TP2 4287.00
💰TP3 4292.00
🚫SL 4274.00

——————————————————
Check out our PDF, where we explain everything you need to know to follow our signals: wolfxsignals.com/get-started/ 

📌QUESTION: Where to follow our Forex Signals? 👉 {HERE}",1.0
@WOLFXSIGNALS_FREEGROUP,11769,2026-09-30T09:31:19Z,LONG,XAUUSD,4187.0,4189.0,4192.0,4197.0,4179.0,"🔔 GOLD VIP SIGNAL 🔔

XAUUSD 📈 BUY 4187.00

💰TP1 4189.00
💰TP2 4192.00
💰TP3 4197.00
🚫SL 4179.00

——————————————————
Check out our PDF, where we explain everything you need to know to follow our signals: wolfxsignals.com/get-started/ 

📌QUESTION: Where to follow our Forex Signals? 👉 {HERE}",1.0
@WOLFXSIGNALS_FREEGROUP,11855,2026-10-07T17:10:00Z,LONG,XAUUSD,4118.0,4120.0,4123.0,4128.0,4110.0,"🔔 GOLD VIP SIGNAL 🔔

XAUUSD 📈 BUY 4118.00

💰TP1 4120.00
💰TP2 4123.00
💰TP3 4128.00
🚫SL 4110.00

——————————————————
Check out our PDF, where we explain everything you need to know to follow our signals: wolfxsignals.com/get-started/ 

📌QUESTION: Where to follow our Forex Signals? 👉 {HERE}",1.0
@fxtradingvision,84212,2026-09-02T14:09:23Z,LONG,XAUUSD,4394.0,4398.0,4399.0,4430.0,4370.0,"NEW TRADE IDEA

XAUUSD BUY 4394

TP 1 4398
TP 2 4399
TP 3 4430

SL @ 4370

Trade accordingly and only trade with money you can afford to LOSE.

DOUBLE LOTSIZE.",1.0
@fxtradingvision,84239,2026-09-03T08:11:14Z,LONG,XAUUSD,4434.0,4438.0,4439.0,4480.0,4310.0,"NEW TRADE IDEA

XAUUSD BUY 4434

TP 1 4438
TP 2 4439
TP 3 4480

SL @ 4310

Trade accordingly and only trade with money you can afford to LOSE.

DOUBLE LOTSIZE.",1.0
@fxtradingvision,84255,2026-09-03T09:57:09Z,LONG,XAUUSD,4425.0,4429.0,4430.0,4475.0,4400.0,"NEW TRADE IDEA

XAUUSD BUY 4425

TP 1 4429
TP 2 4430
TP 3 4475

SL @ 4400

Trade accordingly and only trade with money you can afford to LOSE.

DOUBLE LOTSIZE.",1.0
@fxtradingvision,84278,2026-09-03T11:37:08Z,LONG,XAUUSD,4435.0,4439.0,4440.0,4475.0,4410.0,"NEW TRADE IDEA

XAUUSD BUY 4435

TP 1 4439
TP 2 4440
TP 3 4475

SL @ 4410

Trade accordingly and only trade with money you can afford to LOSE.",1.0
@fxtradingvision,84290,2026-09-03T12:21:47Z,LONG,XAUUSD,4438.0,4442.0,4443.0,4470.0,4415.0,"NEW TRADE IDEA

XAUUSD BUY 4438

TP 1 4442
TP 2 4443
TP 3 4470

SL @ 4415

Trade accordingly and only trade with money you can afford to LOSE.",1.0
@fxtradingvision,84311,2026-09-03T13:46:48Z,LONG,XAUUSD,4464.0,4468.0,4469.0,4500.0,4440.0,"NEW TRADE IDEA

XAUUSD BUY 4464

TP 1 4468
TP 2 4469
TP 3 4500

SL @ 4440

Trade accordingly and only trade with money you can afford to LOSE.",1.0
@fxtradingvision,84317,2026-09-03T14:54:33Z,LONG,XAUUSD,4475.0,4479.0,4480.0,4500.0,4455.0,"NEW TRADE IDEA

XAUUSD BUY 4475

TP 1 4479
TP 2 4480
TP 3 4500

SL @ 4455

Trade accordingly and only trade with money you can afford to LOSE.",1.0
@fxtradingvision,84358,2026-09-04T06:59:07Z,SHORT,XAUUSD,4462.0,4458.0,4457.0,4430.0,4480.0,"NEW TRADE IDEA

XAUUSD SELL 4462

TP 1 4458
TP 2 4457
TP 3 4430

SL @ 4480

Trade accordingly and only trade with money you can afford to LOSE.",1.0
@fxtradingvision,84365,2026-09-04T07:37:35Z,SHORT,XAUUSD,4476.0,4472.0,4471.0,4430.0,4500.0,"NEW TRADE IDEA

XAUUSD SELL 4476

TP 1 4472
TP 2 4471
TP 3 4430

SL @ 4500

Trade accordingly and only trade with money you can afford to LOSE.",1.0
@fxtradingvision,84394,2026-09-04T12:42:05Z,LONG,XAUUSD,4398.0,4402.0,4403.0,4430.0,4375.0,"NEW TRADE IDEA

XAUUSD BUY 4398

TP 1 4402
TP 2 4403
TP 3 4430

SL @ 4375

Trade accordingly and only trade with money you can afford to LOSE.",1.0
@fxtradingvision,84398,2026-09-04T12:48:47Z,SHORT,XAUUSD,4385.0,4381.0,4380.0,4350.0,4410.0,"NEW TRADE IDEA

XAUUSD SELL 4385

TP 1 4381
TP 2 4380
TP 3 4350

SL @ 4410

Trade accordingly and only trade with money you can afford to LOSE.",1.0
@fxtradingvision,84410,2026-09-04T13:29:54Z,LONG,XAUUSD,4412.0,4416.0,4417.0,4450.0,4390.0,"NEW TRADE IDEA

XAUUSD BUY 4412

TP 1 4416
TP 2 4417
TP 3 4450

SL @ 4390

Trade accordingly and only trade with money you can afford to LOSE.",1.0
@fxtradingvision,84413,2026-09-04T13:34:50Z,LONG,XAUUSD,4416.0,4420.0,4421.0,4450.0,4390.0,"NEW TRADE IDEA

XAUUSD BUY 4416

TP 1 4420
TP 2 4421
TP 3 4450

SL @ 4390

Trade accordingly and only trade with money you can afford to LOSE.",1.0
@fxtradingvision,84538,2026-09-07T07:27:08Z,LONG,XAUUSD,4398.0,4402.0,4403.0,4440.0,4375.0,"NEW TRADE IDEA

XAUUSD BUY 4398

TP 1 4402
TP 2 4403
TP 3 4440

SL @ 4375

Trade accordingly and only trade with money you can afford to LOSE.",1.0
@fxtradingvision,84542,2026-09-07T07:43:50Z,SHORT,XAUUSD,4394.0,4390.0,4389.0,4360.0,4420.0,"NEW TRADE IDEA

XAUUSD SELL 4394

TP 1 4390
TP 2 4389
TP 3 4360

SL @ 4420

Trade accordingly and only trade with money you can afford to LOSE.",1.0
@fxtradingvision,84545,2026-09-07T08:01:52Z,SHORT,XAUUSD,4408.0,4404.0,4403.0,4380.0,4425.0,"NEW TRADE IDEA

XAUUSD SELL 4408

TP 1 4404
TP 2 4403
TP 3 4380

SL @ 4425

Trade accordingly and only trade with money you can afford to LOSE.",1.0
@fxtradingvision,84549,2026-09-07T08:19:01Z,SHORT,XAUUSD,4422.0,4418.0,4417.0,4380.0,4435.0,"NEW TRADE IDEA

XAUUSD SELL 4422

TP 1 4418
TP 2 4417
TP 3 4380

SL @ 4435

Trade accordingly and only trade with money you can afford to LOSE.",1.0
@fxtradingvision,84558,2026-09-07T09:42:23Z,LONG,XAUUSD,4408.0,4412.0,4413.0,4440.0,4380.0,"NEW TRADE IDEA

XAUUSD BUY 4408

TP 1 4412
TP 2 4413
TP 3 4440

SL @ 4380

Trade accordingly and only trade with money you can afford to LOSE.",1.0
@fxtradingvision,84559,2026-09-07T10:43:00Z,LONG,XAUUSD,4395.0,4399.0,4400.0,4440.0,4370.0,"NEW TRADE IDEA

XAUUSD BUY 4395

TP 1 4399
TP 2 4400
TP 3 4440

SL @ 4370

Trade accordingly and only trade with money you can afford to LOSE.",1.0
@fxtradingvision,84586,2026-09-07T16:19:33Z,LONG,XAUUSD,4412.0,4415.0,4416.0,4440.0,4390.0,"NEW TRADE IDEA

XAUUSD BUY 4412

TP 1 4415
TP 2 4416
TP 3 4440

SL @ 4390

Trade accordingly and only trade with money you can afford to LOSE.",1.0
@fxtradingvision,84589,2026-09-07T18:17:46Z,LONG,XAUUSD,4403.0,4406.0,4407.0,4440.0,4380.0,"NEW TRADE IDEA

XAUUSD BUY 4403

TP 1 4406
TP 2 4407
TP 3 4440

SL @ 4380

Trade accordingly and only trade with money you can afford to LOSE.",1.0
@fxtradingvision,84611,2026-09-08T07:25:32Z,SHORT,XAUUSD,4402.0,4398.0,4397.0,4370.0,4425.0,"NEW TRADE IDEA

XAUUSD SELL 4402

TP 1 4398
TP 2 4397
TP 3 4370

SL @ 4425

Trade accordingly and only trade with money you can afford to LOSE.",1.0
@fxtradingvision,84618,2026-09-08T07:49:18Z,SHORT,XAUUSD,4396.0,4392.0,4391.0,4370.0,4420.0,"NEW TRADE IDEA

XAUUSD SELL 4396

TP 1 4392
TP 2 4391
TP 3 4370

SL @ 4420

Trade accordingly and only trade with money you can afford to LOSE.",1.0
@fxtradingvision,84626,2026-09-08T08:09:02Z,SHORT,XAUUSD,4391.0,4387.0,4386.0,4360.0,4410.0,"NEW TRADE IDEA

XAUUSD SELL 4391

TP 1 4387
TP 2 4386
TP 3 4360

SL @ 4410

Trade accordingly and only trade with money you can afford to LOSE.",1.0
@fxtradingvision,84630,2026-09-08T09:51:26Z,SHORT,XAUUSD,4405.0,4401.0,4400.0,4370.0,4425.0,"NEW TRADE IDEA

XAUUSD SELL 4405

TP 1 4401
TP 2 4400
TP 3 4370

SL @ 4425

Trade accordingly and only trade with money you can afford to LOSE.",1.0
@fxtradingvision,84638,2026-09-08T11:34:26Z,SHORT,XAUUSD,4405.0,4401.0,4400.0,4370.0,4435.0,"NEW TRADE IDEA

XAUUSD SELL 4405

TP 1 4401
TP 2 4400
TP 3 4370

SL @ 4435

Trade accordingly and only trade with money you can afford to LOSE.",1.0
@fxtradingvision,84644,2026-09-08T12:22:40Z,SHORT,XAUUSD,4394.0,4390.0,4389.0,4360.0,4415.0,"NEW TRADE IDEA

XAUUSD SELL 4394

TP 1 4390
TP 2 4389
TP 3 4360

SL @ 4415

Trade accordingly and only trade with money you can afford to LOSE.",1.0
@fxtradingvision,84648,2026-09-08T13:01:43Z,LONG,XAUUSD,4406.0,4410.0,4412.0,4440.0,4380.0,"NEW TRADE IDEA

XAUUSD BUY 4406

TP 1 4410
TP 2 4412
TP 3 4440

SL @ 4380

Trade accordingly and only trade with money you can afford to LOSE.",1.0
@fxtradingvision,84660,2026-09-08T14:53:18Z,LONG,XAUUSD,4389.0,4393.0,4394.0,4430.0,4370.0,"NEW TRADE IDEA

XAUUSD BUY 4389

TP 1 4393
TP 2 4394
TP 3 4430

SL @ 4370

Trade accordingly and only trade with money you can afford to LOSE.",1.0
@fxtradingvision,84665,2026-09-08T16:05:02Z,LONG,XAUUSD,4392.0,4396.0,4397.0,4430.0,4370.0,"NEW TRADE IDEA

XAUUSD BUY 4392

TP 1 4396
TP 2 4397
TP 3 4430

SL @ 4370

Trade accordingly and only trade with money you can afford to LOSE.",1.0
@fxtradingvision,84681,2026-09-08T17:36:14Z,SHORT,XAUUSD,4393.0,4389.0,4388.0,4360.0,4415.0,"NEW TRADE IDEA

XAUUSD SELL 4393

TP 1 4389
TP 2 4388
TP 3 4360

SL @ 4415

Trade accordingly and only trade with money you can afford to LOSE.",1.0
@fxtradingvision,84685,2026-09-08T17:49:34Z,SHORT,XAUUSD,4388.0,4384.0,4383.0,4360.0,4415.0,"NEW TRADE IDEA

XAUUSD SELL 4388

TP 1 4384
TP 2 4383
TP 3 4360

SL @ 4415

Trade accordingly and only trade with money you can afford to LOSE.",1.0
@fxtradingvision,84693,2026-09-08T18:55:30Z,SHORT,XAUUSD,4369.0,4365.0,4364.0,4330.0,4395.0,"NEW TRADE IDEA

XAUUSD SELL 4369

TP 1 4365
TP 2 4364
TP 3 4330

SL @ 4395

Trade accordingly and only trade with money you can afford to LOSE.",1.0
@fxtradingvision,84721,2026-09-09T07:04:58Z,SHORT,XAUUSD,4402.0,4398.0,4397.0,4360.0,4425.0,"NEW TRADE IDEA

XAUUSD SELL 4402

TP 1 4398
TP 2 4397
TP 3 4360

SL @ 4425

Trade accordingly and only trade with money you can afford to LOSE.",1.0
@fxtradingvision,84723,2026-09-09T07:48:09Z,LONG,XAUUSD,4410.0,4414.0,4415.0,4440.0,4385.0,"NEW TRADE IDEA

XAUUSD BUY 4410

TP 1 4414
TP 2 4415
TP 3 4440

SL @ 4385

Trade accordingly and only trade with money you can afford to LOSE.",1.0
@fxtradingvision,84730,2026-09-09T08:55:18Z,LONG,XAUUSD,4402.0,4406.0,4407.0,4440.0,4375.0,"NEW TRADE IDEA

XAUUSD BUY 4402

TP 1 4406
TP 2 4407
TP 3 4440

SL @ 4375

Trade accordingly and only trade with money you can afford to LOSE.",1.0
@fxtradingvision,84754,2026-09-09T12:38:36Z,LONG,XAUUSD,4394.0,4398.0,4399.0,4420.0,4370.0,"NEW TRADE IDEA

XAUUSD BUY 4394

TP 1 4398
TP 2 4399
TP 3 4420

SL @ 4370

Trade accordingly and only trade with money you can afford to LOSE.",1.0
@fxtradingvision,84781,2026-09-09T14:36:57Z,LONG,XAUUSD,4424.0,4428.0,4429.0,4455.0,4400.0,"NEW TRADE IDEA

XAUUSD BUY 4424

TP 1 4428
TP 2 4429
TP 3 4455

SL @ 4400

Trade accordingly and only trade with money you can afford to LOSE.",1.0
@fxtradingvision,84822,2026-09-09T17:00:58Z,LONG,XAUUSD,4409.0,4413.0,4414.0,4440.0,4390.0,"NEW TRADE IDEA

XAUUSD BUY 4409

TP 1 4413
TP 2 4414
TP 3 4440

SL @ 4390

Trade accordingly and only trade with money you can afford to LOSE.",1.0
@fxtradingvision,84853,2026-09-10T07:27:30Z,LONG,XAUUSD,4409.0,4413.0,4414.0,4440.0,4385.0,"NEW TRADE IDEA

XAUUSD BUY 4409

TP 1 4413
TP 2 4414
TP 3 4440

SL @ 4385

Trade accordingly and only trade with money you can afford to LOSE.",1.0
@fxtradingvision,84871,2026-09-10T09:35:10Z,SHORT,XAUUSD,4392.0,4388.0,4387.0,4360.0,4410.0,"NEW TRADE IDEA

XAUUSD SELL 4392

TP 1 4388
TP 2 4387
TP 3 4360

SL @ 4410

Trade accordingly and only trade with money you can afford to LOSE.",1.0
@fxtradingvision,84904,2026-09-10T12:35:52Z,SHORT,XAUUSD,4341.0,4337.0,4336.0,4310.0,4465.0,"NEW TRADE IDEA

XAUUSD SELL 4341

TP 1 4337
TP 2 4336
TP 3 4310

SL @ 4465

Trade accordingly and only trade with money you can afford to LOSE.",1.0
@fxtradingvision,84939,2026-09-10T15:19:54Z,SHORT,XAUUSD,4364.0,4360.0,4359.0,4330.0,4390.0,"NEW TRADE IDEA

XAUUSD SELL 4364

TP 1 4360
TP 2 4359
TP 3 4330

SL @ 4390

Trade accordingly and only trade with money you can afford to LOSE.",1.0
@fxtradingvision,84957,2026-09-10T17:45:03Z,SHORT,XAUUSD,4359.0,4355.0,4354.0,4320.0,4380.0,"NEW TRADE IDEA

XAUUSD SELL 4359

TP 1 4355
TP 2 4354
TP 3 4320

SL @ 4380

Trade accordingly and only trade with money you can afford to LOSE.",1.0
@fxtradingvision,84989,2026-09-11T07:51:32Z,SHORT,XAUUSD,4343.0,4339.0,4338.0,4300.0,4360.0,"NEW TRADE IDEA

XAUUSD SELL 4343

TP 1 4339
TP 2 4338
TP 3 4300

SL @ 4360

Trade accordingly and only trade with money you can afford to LOSE.",1.0
@fxtradingvision,85010,2026-09-11T12:36:26Z,SHORT,XAUUSD,4336.0,4332.0,4331.0,4300.0,4365.0,"NEW TRADE IDEA

XAUUSD SELL 4336

TP 1 4332
TP 2 4331
TP 3 4300

SL @ 4365

Trade accordingly and only trade with money you can afford to LOSE.",1.0
@fxtradingvision,85013,2026-09-11T12:40:36Z,SHORT,XAUUSD,4351.0,4347.0,4346.0,4320.0,4380.0,"NEW TRADE IDEA

XAUUSD SELL 4351

TP 1 4347
TP 2 4346
TP 3 4320

SL @ 4380

Trade accordingly and only trade with money you can afford to LOSE.",1.0
@fxtradingvision,85018,2026-09-11T12:52:32Z,SHORT,XAUUSD,4376.0,4372.0,4371.0,4330.0,4400.0,"NEW TRADE IDEA

XAUUSD SELL 4376

TP 1 4372
TP 2 4371
TP 3 4330

SL @ 4400

Trade accordingly and only trade with money you can afford to LOSE.",1.0
@fxtradingvision,85024,2026-09-11T13:06:57Z,SHORT,XAUUSD,4392.0,4388.0,4387.0,4360.0,4420.0,"NEW TRADE IDEA

XAUUSD SELL 4392

TP 1 4388
TP 2 4387
TP 3 4360

SL @ 4420

Trade accordingly and only trade with money you can afford to LOSE.",1.0
@fxtradingvision,85027,2026-09-11T13:44:20Z,SHORT,XAUUSD,4390.0,4386.0,4385.0,4360.0,4420.0,"NEW TRADE IDEA

XAUUSD SELL 4390

TP 1 4386
TP 2 4385
TP 3 4360

SL @ 4420

Trade accordingly and only trade with money you can afford to LOSE.",1.0
@fxtradingvision,85033,2026-09-11T14:07:42Z,SHORT,XAUUSD,4389.0,4385.0,4384.0,4360.0,4415.0,"NEW TRADE IDEA

XAUUSD SELL 4389

TP 1 4385
TP 2 4384
TP 3 4360

SL @ 4415

Trade accordingly and only trade with money you can afford to LOSE.",1.0
@fxtradingvision,85039,2026-09-11T14:16:10Z,SHORT,XAUUSD,4384.0,4380.0,4379.0,4350.0,4410.0,"NEW TRADE IDEA

XAUUSD SELL 4384

TP 1 4380
TP 2 4379
TP 3 4350

SL @ 4410

Trade accordingly and only trade with money you can afford to LOSE.",1.0
@fxtradingvision,85043,2026-09-11T14:22:12Z,SHORT,XAUUSD,4384.0,4380.0,4379.0,4350.0,4410.0,"NEW TRADE IDEA

XAUUSD SELL 4384

TP 1 4380
TP 2 4379
TP 3 4350

SL @ 4410

Trade accordingly and only trade with money you can afford to LOSE.",1.0
@fxtradingvision,85049,2026-09-11T14:26:18Z,SHORT,XAUUSD,4377.0,4373.0,4372.0,4340.0,4405.0,"NEW TRADE IDEA

XAUUSD SELL 4377

TP 1 4373
TP 2 4372
TP 3 4340

SL @ 4405

Trade accordingly and only trade with money you can afford to LOSE.",1.0
@fxtradingvision,85055,2026-09-11T14:34:00Z,SHORT,XAUUSD,4375.0,4371.0,4370.0,4340.0,4405.0,"NEW TRADE IDEA

XAUUSD SELL 4375

TP 1 4371
TP 2 4370
TP 3 4340

SL @ 4405

Trade accordingly and only trade with money you can afford to LOSE.",1.0
@fxtradingvision,85066,2026-09-11T14:52:12Z,SHORT,XAUUSD,4380.0,4376.0,4375.0,4340.0,4410.0,"NEW TRADE IDEA

XAUUSD SELL 4380

TP 1 4376
TP 2 4375
TP 3 4340

SL @ 4410

Trade accordingly and only trade with money you can afford to LOSE.",1.0
@fxtradingvision,85210,2026-09-14T06:52:11Z,SHORT,XAUUSD,4323.0,4319.0,4318.0,4290.0,4345.0,"NEW TRADE IDEA

XAUUSD SELL 4323

TP 1 4319
TP 2 4318
TP 3 4290

SL @ 4345

Trade accordingly and only trade with money you can afford to LOSE.",1.0
@fxtradingvision,85213,2026-09-14T07:15:06Z,SHORT,XAUUSD,4325.0,4321.0,4320.0,4290.0,4345.0,"NEW TRADE IDEA

XAUUSD SELL 4325

TP 1 4321
TP 2 4320
TP 3 4290

SL @ 4345

Trade accordingly and only trade with money you can afford to LOSE.",1.0
@fxtradingvision,85221,2026-09-14T07:33:38Z,SHORT,XAUUSD,4319.0,4315.0,4314.0,4280.0,4345.0,"NEW TRADE IDEA

XAUUSD SELL 4319

TP 1 4315
TP 2 4314
TP 3 4280

SL @ 4345

Trade accordingly and only trade with money you can afford to LOSE.",1.0
@fxtradingvision,85234,2026-09-14T10:24:14Z,LONG,XAUUSD,4287.0,4291.0,4292.0,4250.0,4265.0,"NEW TRADE IDEA

XAUUSD BUY 4287

TP 1 4291
TP 2 4292
TP 3 4250

SL @ 4265

Trade accordingly and only trade with money you can afford to LOSE.",1.0
@fxtradingvision,85251,2026-09-14T12:14:22Z,LONG,XAUUSD,4293.0,4297.0,4398.0,4330.0,4270.0,"NEW TRADE IDEA

XAUUSD BUY 4293

TP 1 4297
TP 2 4398
TP 3 4330

SL @ 4270

Trade accordingly and only trade with money you can afford to LOSE.",1.0
@fxtradingvision,85253,2026-09-14T12:37:20Z,LONG,XAUUSD,4275.0,4279.0,4380.0,4310.0,4260.0,"NEW TRADE IDEA

XAUUSD BUY 4275

TP 1 4279
TP 2 4380
TP 3 4310

SL @ 4260

Trade accordingly and only trade with money you can afford to LOSE.",1.0
@fxtradingvision,85258,2026-09-14T13:05:42Z,SHORT,XAUUSD,4269.0,4265.0,4264.0,4230.0,4295.0,"NEW TRADE IDEA

XAUUSD SELL 4269

TP 1 4265
TP 2 4264
TP 3 4230

SL @ 4295

Trade accordingly and only trade with money you can afford to LOSE.",1.0
@fxtradingvision,85264,2026-09-14T13:11:53Z,SHORT,XAUUSD,4266.0,4262.0,4261.0,4230.0,4295.0,"NEW TRADE IDEA

XAUUSD SELL 4266

TP 1 4262
TP 2 4261
TP 3 4230

SL @ 4295

Trade accordingly and only trade with money you can afford to LOSE.",1.0
@fxtradingvision,85272,2026-09-14T13:40:11Z,SHORT,XAUUSD,4273.0,4269.0,4268.0,4230.0,4300.0,"NEW TRADE IDEA

XAUUSD SELL 4273

TP 1 4269
TP 2 4268
TP 3 4230

SL @ 4300

Trade accordingly and only trade with money you can afford to LOSE.",1.0
@fxtradingvision,85287,2026-09-14T14:28:27Z,SHORT,XAUUSD,4268.0,4264.0,4263.0,4230.0,4295.0,"NEW TRADE IDEA

XAUUSD SELL 4268

TP 1 4264
TP 2 4263
TP 3 4230

SL @ 4295

Trade accordingly and only trade with money you can afford to LOSE.",1.0
@fxtradingvision,85290,2026-09-14T15:11:36Z,SHORT,XAUUSD,4281.0,4277.0,4276.0,4240.0,4305.0,"NEW TRADE IDEA

XAUUSD SELL 4281

TP 1 4277
TP 2 4276
TP 3 4240

SL @ 4305

Trade accordingly and only trade with money you can afford to LOSE.",1.0
@fxtradingvision,85294,2026-09-14T15:32:23Z,SHORT,XAUUSD,4285.0,4281.0,4280.0,4250.0,4310.0,"NEW TRADE IDEA

XAUUSD SELL 4285

TP 1 4281
TP 2 4280
TP 3 4250

SL @ 4310

Trade accordingly and only trade with money you can afford to LOSE.",1.0
@fxtradingvision,85301,2026-09-14T16:26:29Z,SHORT,XAUUSD,4310.0,4306.0,4305.0,4280.0,4330.0,"NEW TRADE IDEA

XAUUSD SELL LIMIT 4310

TP 1 4306
TP 2 4305
TP 3 4280

SL @ 4330

Trade accordingly and only trade with money you can afford to LOSE.

USING HIGH LOTSIZE",1.0
@fxtradingvision,85346,2026-09-15T07:53:01Z,SHORT,XAUUSD,4280.0,4276.0,4275.0,4250.0,4305.0,"NEW TRADE IDEA

XAUUSD SELL 4280

TP 1 4276
TP 2 4275
TP 3 4250

SL @ 4305

Trade accordingly and only trade with money you can afford to LOSE.",1.0
@fxtradingvision,85366,2026-09-15T12:57:04Z,SHORT,XAUUSD,4292.0,4288.0,4287.0,4260.0,4320.0,"NEW TRADE IDEA

XAUUSD SELL 4292

TP 1 4288
TP 2 4287
TP 3 4260

SL @ 4320

Trade accordingly and only trade with money you can afford to LOSE.",1.0
@fxtradingvision,85374,2026-09-15T16:38:22Z,LONG,XAUUSD,4294.0,4298.0,4299.0,4320.0,4275.0,"NEW TRADE IDEA

XAUUSD BUY 4294

TP 1 4298
TP 2 4299
TP 3 4320

SL @ 4275

Trade accordingly and only trade with money you can afford to LOSE.",1.0
@fxtradingvision,85393,2026-09-16T08:10:18Z,LONG,XAUUSD,4324.0,4328.0,4329.0,4350.0,4300.0,"NEW TRADE IDEA

XAUUSD BUY 4324

TP 1 4328
TP 2 4329
TP 3 4350

SL @ 4300

Trade accordingly and only trade with money you can afford to LOSE.",1.0
@fxtradingvision,85401,2026-09-16T09:49:43Z,LONG,XAUUSD,4341.0,4345.0,4346.0,4370.0,4315.0,"NEW TRADE IDEA

XAUUSD BUY STOP 4341

TP 1 4345
TP 2 4346
TP 3 4370

SL @ 4315

Trade accordingly and only trade with money you can afford to LOSE.

WAIT FOR 4341 TO ENTER & USE HIGH LOT.",1.0
@fxtradingvision,85410,2026-09-16T12:10:47Z,LONG,XAUUSD,4354.0,4358.0,4359.0,4390.0,4335.0,"NEW TRADE IDEA

XAUUSD BUY STOP 4354

TP 1 4358
TP 2 4359
TP 3 4390

SL @ 4335

Trade accordingly and only trade with money you can afford to LOSE.

USE HIGH LOT if it touches 4354",1.0
@fxtradingvision,85463,2026-09-16T15:51:06Z,LONG,XAUUSD,4350.0,4354.0,4355.0,4380.0,4330.0,"NEW TRADE IDEA

XAUUSD BUY 4350

TP 1 4354
TP 2 4355
TP 3 4380

SL @ 4330

Trade accordingly and only trade with money you can afford to LOSE.",1.0
@fxtradingvision,85512,2026-09-17T09:42:39Z,SHORT,XAUUSD,4311.0,4307.0,4306.0,4280.0,4330.0,"NEW TRADE IDEA

XAUUSD SELL 4311

TP 1 4307
TP 2 4306
TP 3 4280

SL @ 4330

Trade accordingly and only trade with money you can afford to LOSE.",1.0
@fxtradingvision,85516,2026-09-17T10:19:04Z,SHORT,XAUUSD,4309.0,4305.0,4304.0,4285.0,4325.0,"NEW TRADE IDEA

XAUUSD SELL 4309

TP 1 4305
TP 2 4304
TP 3 4285

SL @ 4325

Trade accordingly and only trade with money you can afford to LOSE.",1.0
@fxtradingvision,85521,2026-09-17T11:05:42Z,LONG,XAUUSD,4336.0,4340.0,4341.0,4370.0,4310.0,"NEW TRADE IDEA

XAUUSD BUY STOP 4336

TP 1 4340
TP 2 4341
TP 3 4370

SL @ 4310

Trade accordingly and only trade with money you can afford to LOSE.

DOUBLE LOTSIZE",1.0
@fxtradingvision,85529,2026-09-17T11:14:21Z,LONG,XAUUSD,4332.0,4350.0,,,4310.0,"NEW TRADE IDEA

XAUUSD BUY 4332

TP 1 4350

SL @ 4310

Trade accordingly and only trade with money you can afford to LOSE.

DOUBLE LOTSIZE",1.0
@fxtradingvision,85538,2026-09-17T11:57:34Z,LONG,XAUUSD,4340.0,4344.0,4345.0,4370.0,4315.0,"NEW TRADE IDEA

XAUUSD BUY 4340

TP 1 4344
TP 2 4345
TP 3 4370

SL @ 4315

Trade accordingly and only trade with money you can afford to LOSE.

DOUBLE LOTSIZE",1.0
@fxtradingvision,85569,2026-09-17T13:20:25Z,LONG,XAUUSD,4375.0,4379.0,4380.0,4395.0,4355.0,"NEW TRADE IDEA

XAUUSD BUY 4375

TP 1 4379
TP 2 4380
TP 3 4395

SL @ 4355

Trade accordingly and only trade with money you can afford to LOSE.",1.0
@fxtradingvision,85573,2026-09-17T13:43:57Z,SHORT,XAUUSD,4362.0,4358.0,4357.0,4340.0,4385.0,"NEW TRADE IDEA

XAUUSD SELL 4362

TP 1 4358
TP 2 4357
TP 3 4340

SL @ 4385

Trade accordingly and only trade with money you can afford to LOSE.

HIGH LOTSIZE",1.0
@fxtradingvision,85582,2026-09-17T15:14:34Z,SHORT,XAUUSD,4358.0,4354.0,4353.0,4330.0,4375.0,"NEW TRADE IDEA

XAUUSD SELL 4358

TP 1 4354
TP 2 4353
TP 3 4330

SL @ 4375

Trade accordingly and only trade with money you can afford to LOSE.

HIGH LOTSIZE",1.0
@fxtradingvision,85583,2026-09-17T15:17:19Z,SHORT,XAUUSD,4358.0,4354.0,4353.0,4330.0,4580.0,"NEW TRADE IDEA

XAUUSD SELL 4358

TP 1 4354
TP 2 4353
TP 3 4330

SL @ 4580

Trade accordingly and only trade with money you can afford to LOSE.

HIGH LOTSIZE",1.0
@fxtradingvision,85617,2026-09-18T08:38:12Z,SHORT,XAUUSD,4389.0,4385.0,4384.0,4360.0,4410.0,"NEW TRADE IDEA

XAUUSD SELL 4389

TP 1 4385
TP 2 4384
TP 3 4360

SL @ 4410

Trade accordingly and only trade with money you can afford to LOSE.",1.0
@fxtradingvision,85623,2026-09-18T09:24:11Z,LONG,XAUUSD,4404.0,4408.0,4409.0,4430.0,4380.0,"NEW TRADE IDEA

XAUUSD BUY STOP 4404

TP 1 4408
TP 2 4409
TP 3 4430

SL @ 4380

Trade accordingly and only trade with money you can afford to LOSE.

DOUBLE LOTSIZE",1.0
@fxtradingvision,85641,2026-09-18T11:14:53Z,SHORT,XAUUSD,4389.0,4385.0,4384.0,4360.0,4398.0,"NEW TRADE IDEA

XAUUSD SELL 4389

TP 1 4385
TP 2 4384
TP 3 4360

SL @ 4398

Trade accordingly and only trade with money you can afford to LOSE.

DOUBLE LOTSIZE",1.0
@fxtradingvision,85668,2026-09-18T16:33:45Z,SHORT,XAUUSD,4382.0,4378.0,4377.0,4350.0,4397.0,"NEW TRADE IDEA

XAUUSD SELL 4382

TP 1 4378
TP 2 4377
TP 3 4350

SL @ 4397

Trade accordingly and only trade with money you can afford to LOSE.

DOUBLE LOTSIZE",1.0
@fxtradingvision,85794,2026-09-21T08:49:13Z,LONG,XAUUSD,4355.0,4359.0,4360.0,4375.0,4340.0,"NEW TRADE IDEA

XAUUSD BUY 4355

TP 1 4359
TP 2 4360
TP 3 4375

SL @ 4340

Trade accordingly and only trade with money you can afford to LOSE.",1.0
@fxtradingvision,85802,2026-09-21T09:43:29Z,SHORT,XAUUSD,4346.0,4342.0,4341.0,4320.0,4365.0,"NEW TRADE IDEA

XAUUSD SELL 4346

TP 1 4342
TP 2 4341
TP 3 4320

SL @ 4365

Trade accordingly and only trade with money you can afford to LOSE.",1.0
@fxtradingvision,85804,2026-09-21T10:18:40Z,SHORT,XAUUSD,4356.0,4352.0,4351.0,4330.0,4375.0,"NEW TRADE IDEA

XAUUSD SELL 4356

TP 1 4352
TP 2 4351
TP 3 4330

SL @ 4375

Trade accordingly and only trade with money you can afford to LOSE.",1.0
@fxtradingvision,85812,2026-09-21T11:09:20Z,SHORT,XAUUSD,4345.0,4341.0,4340.0,4320.0,4360.0,"NEW TRADE IDEA

XAUUSD SELL 4345

TP 1 4341
TP 2 4340
TP 3 4320

SL @ 4360

Trade accordingly and only trade with money you can afford to LOSE.",1.0
@fxtradingvision,85814,2026-09-21T11:42:11Z,SHORT,XAUUSD,4368.0,4365.0,4364.0,4320.0,4379.0,"NEW TRADE IDEA

XAUUSD SELL LIMIT 4368-4369

TP 1 4365
TP 2 4364
TP 3 4320

SL @ 4379

Trade accordingly and only trade with money you can afford to LOSE.",1.0
@fxtradingvision,85837,2026-09-21T13:51:13Z,SHORT,XAUUSD,4354.0,4350.0,4349.0,4320.0,4365.0,"NEW TRADE IDEA

XAUUSD SELL 4354

TP 1 4350
TP 2 4349
TP 3 4320

SL @ 4365

Trade accordingly and only trade with money you can afford to LOSE.",1.0
@fxtradingvision,85846,2026-09-21T14:30:41Z,SHORT,XAUUSD,4347.0,4343.0,4342.0,4320.0,4360.0,"NEW TRADE IDEA

XAUUSD SELL LIMIT 4347

TP 1 4343
TP 2 4342
TP 3 4320

SL @ 4360

Trade accordingly and only trade with money you can afford to LOSE.",1.0
@fxtradingvision,85850,2026-09-21T15:34:25Z,SHORT,XAUUSD,4356.0,4352.0,4351.0,4330.0,4365.0,"NEW TRADE IDEA

XAUUSD SELL LIMIT 4356

TP 1 4352
TP 2 4351
TP 3 4330

SL @ 4365

Trade accordingly and only trade with money you can afford to LOSE.",1.0
@fxtradingvision,85902,2026-09-22T08:58:13Z,SHORT,XAUUSD,4333.0,4329.0,4328.0,4300.0,4355.0,"NEW TRADE IDEA

XAUUSD SELL 4333

TP 1 4329
TP 2 4328
TP 3 4300

SL @ 4355

Trade accordingly and only trade with money you can afford to LOSE.",1.0
@fxtradingvision,85969,2026-09-22T13:49:40Z,LONG,XAUUSD,4338.0,4342.0,4343.0,4355.0,4328.0,"NEW TRADE IDEA

XAUUSD BUY 4338

TP 1 4342
TP 2 4343
TP 3 4355

SL @ 4328

Trade accordingly and only trade with money you can afford to LOSE.",1.0
@fxtradingvision,86007,2026-09-22T18:02:59Z,SHORT,XAUUSD,4359.0,4355.0,4350.0,,4369.0,"NEW TRADE IDEA

XAUUSD SELL LIMIT 4359

TP 4355

TP 2 4350

SL @ 4369

Trade accordingly and only trade with money you can afford to LOSE.

USE DOUBLE LOTSIZE",1.0
@fxtradingvision,86045,2026-09-23T09:50:51Z,LONG,XAUUSD,4305.0,4309.0,4310.0,4330.0,4285.0,"NEW TRADE IDEA

XAUUSD BUY LIMIT 4305

TP 1 4309
TP 2 4310
TP 3 4330

SL @ 4285

Trade accordingly and only trade with money you can afford to LOSE.

USE DOUBLE LOTSIZE",1.0
@fxtradingvision,86048,2026-09-23T10:30:24Z,SHORT,XAUUSD,4325.0,4322.0,4321.0,4300.0,4345.0,"NEW TRADE IDEA

XAUUSD SELL LIMIT 4325-4326

TP 1 4322
TP 2 4321
TP 3 4300

SL @ 4345

Trade accordingly and only trade with money you can afford to LOSE.

USE DOUBLE LOTSIZE",1.0
@fxtradingvision,86056,2026-09-23T13:54:21Z,LONG,XAUUSD,4277.0,4281.0,4282.0,4300.0,4260.0,"NEW TRADE IDEA

XAUUSD BUY LIMIT 4277-4278

TP 1 4281
TP 2 4282
TP 3 4300

SL @ 4260

Trade accordingly and only trade with money you can afford to LOSE.

USE DOUBLE LOTSIZE",1.0
@fxtradingvision,86071,2026-09-23T16:37:15Z,SHORT,XAUUSD,4290.0,4287.0,4286.0,4265.0,4315.0,"NEW TRADE IDEA

XAUUSD SELL LIMIT 4290-4291

TP 1 4287
TP 2 4286
TP 3 4265

SL @ 4315

Trade accordingly and only trade with money you can afford to LOSE.

USE DOUBLE LOTSIZE",1.0
@fxtradingvision,86107,2026-09-24T11:30:43Z,SHORT,XAUUSD,4273.0,4270.0,4269.0,4240.0,4300.0,"NEW TRADE IDEA

XAUUSD SELL LIMIT 4273-4274

TP 1 4270
TP 2 4269
TP 3 4240

SL @ 4300

Trade accordingly and only trade with money you can afford to LOSE.",1.0
@fxtradingvision,86157,2026-09-25T13:15:47Z,LONG,XAUUSD,4291.0,4295.0,4296.0,4320.0,4270.0,"NEW TRADE IDEA

XAUUSD BUY 4291

TP 1 4295
TP 2 4296
TP 3 4320

SL @ 4270

Trade accordingly and only trade with money you can afford to LOSE.",1.0
@fxtradingvision,86160,2026-09-25T13:49:30Z,LONG,XAUUSD,4275.0,4279.0,4280.0,4300.0,4260.0,"NEW TRADE IDEA

XAUUSD BUY 4275

TP 1 4279
TP 2 4280
TP 3 4300

SL @ 4260

Trade accordingly and only trade with money you can afford to LOSE.",1.0
@fxtradingvision,86163,2026-09-25T14:03:37Z,LONG,XAUUSD,4265.0,4269.0,4270.0,4300.0,4250.0,"NEW TRADE IDEA

XAUUSD BUY 4265

TP 1 4269
TP 2 4270
TP 3 4300

SL @ 4250

Trade accordingly and only trade with money you can afford to LOSE.",1.0
@fxtradingvision,86262,2026-09-28T10:04:53Z,SHORT,XAUUSD,4165.0,4162.0,4161.0,4140.0,4185.0,"NEW TRADE IDEA

XAUUSD SELL LIMIT 4165-4166

TP 1 4162
TP 2 4161
TP 3 4140

SL @ 4185

Trade accordingly and only trade with money you can afford to LOSE.",1.0
@fxtradingvision,86306,2026-09-29T13:06:39Z,LONG,XAUUSD,4155.0,4159.0,4160.0,4180.0,4135.0,"NEW TRADE IDEA

XAUUSD BUY 4155

TP 1 4159
TP 2 4160
TP 3 4180

SL @ 4135

Trade accordingly and only trade with money you can afford to LOSE.",1.0
@fxtradingvision,86359,2026-09-29T18:03:15Z,SHORT,XAUUSD,4162.0,4158.0,4157.0,4130.0,4185.0,"NEW TRADE IDEA

XAUUSD SELL 4162

TP 1 4158
TP 2 4157
TP 3 4130

SL @ 4185

Trade accordingly and only trade with money you can afford to LOSE.",1.0
@fxtradingvision,86365,2026-09-29T20:30:37Z,SHORT,XAUUSD,4176.0,4172.0,4171.0,4150.0,4195.0,"NEW TRADE IDEA

XAUUSD SELL 4176

TP 1 4172
TP 2 4171
TP 3 4150

SL @ 4195

Trade accordingly and only trade with money you can afford to LOSE.",1.0
@fxtradingvision,86388,2026-09-30T10:57:52Z,LONG,XAUUSD,4181.0,4185.0,4186.0,4200.0,4170.0,"NEW TRADE IDEA

XAUUSD BUY 4181

TP 1 4185
TP 2 4186
TP 3 4200

SL @ 4170

Trade accordingly and only trade with money you can afford to LOSE.",1.0
@fxtradingvision,86394,2026-09-30T13:45:01Z,LONG,XAUUSD,4182.0,4186.0,4187.0,4210.0,4160.0,"NEW TRADE IDEA

XAUUSD BUY 4182

TP 1 4186
TP 2 4187
TP 3 4210

SL @ 4160

Trade accordingly and only trade with money you can afford to LOSE.",1.0
@fxtradingvision,86433,2026-10-01T13:03:39Z,LONG,XAUUSD,4178.0,4182.0,4183.0,4200.0,4160.0,"NEW TRADE IDEA

XAUUSD BUY 4178

TP 1 4182
TP 2 4183
TP 3 4200

SL @ 4160

Trade accordingly and only trade with money you can afford to LOSE.",1.0
@fxtradingvision,86439,2026-10-01T13:22:20Z,SHORT,XAUUSD,4174.0,4170.0,4169.0,4150.0,4190.0,"NEW TRADE IDEA

XAUUSD SELL 4174

TP 1 4170
TP 2 4169
TP 3 4150

SL @ 4190

Trade accordingly and only trade with money you can afford to LOSE.

DOUBLE LOTSIZE",1.0
@fxtradingvision,86449,2026-10-01T16:17:37Z,SHORT,XAUUSD,4170.0,4166.0,4165.0,4140.0,4190.0,"NEW TRADE IDEA

XAUUSD SELL 4170

TP 1 4166
TP 2 4165
TP 3 4140

SL @ 4190

Trade accordingly and only trade with money you can afford to LOSE.

DOUBLE LOTSIZE",1.0
@fxtradingvision,86452,2026-10-01T17:31:16Z,SHORT,XAUUSD,4183.0,4179.0,4178.0,4160.0,4200.0,"NEW TRADE IDEA

XAUUSD SELL 4183

TP 1 4179
TP 2 4178
TP 3 4160

SL @ 4200

Trade accordingly and only trade with money you can afford to LOSE.

DOUBLE LOTSIZE",1.0
@fxtradingvision,86463,2026-10-01T18:13:00Z,SHORT,XAUUSD,4172.0,4168.0,4167.0,4140.0,4195.0,"NEW TRADE IDEA

XAUUSD SELL 4172

TP 1 4168
TP 2 4167
TP 3 4140

SL @ 4195

Trade accordingly and only trade with money you can afford to LOSE.

DOUBLE LOTSIZE",1.0
@fxtradingvision,86494,2026-10-02T10:22:24Z,LONG,XAUUSD,4167.0,4171.0,4172.0,4200.0,4150.0,"NEW TRADE IDEA

XAUUSD BUY 4167

TP 1 4171
TP 2 4172
TP 3 4200

SL @ 4150

Trade accordingly and only trade with money you can afford to LOSE.

DOUBLE LOTSIZE",1.0
@fxtradingvision,86511,2026-10-02T13:15:46Z,LONG,XAUUSD,4194.0,4198.0,4199.0,4220.0,4170.0,"NEW TRADE IDEA

XAUUSD BUY 4194

TP 1 4198
TP 2 4199
TP 3 4220

SL @ 4170

Trade accordingly and only trade with money you can afford to LOSE.

DOUBLE LOTSIZE",1.0
@fxtradingvision,86520,2026-10-02T14:56:08Z,LONG,XAUUSD,4156.0,4160.0,4161.0,4200.0,4140.0,"NEW TRADE IDEA

XAUUSD BUY 4156

TP 1 4160
TP 2 4161
TP 3 4200

SL @ 4140

Trade accordingly and only trade with money you can afford to LOSE.

DOUBLE LOTSIZE",1.0
@fxtradingvision,86522,2026-10-02T15:07:17Z,LONG,XAUUSD,4145.0,4149.0,4150.0,4170.0,4128.0,"NEW TRADE IDEA

XAUUSD BUY 4145

TP 1 4149
TP 2 4150
TP 3 4170

SL @ 4128

Trade accordingly and only trade with money you can afford to LOSE.

DOUBLE LOTSIZE",1.0
@fxtradingvision,86530,2026-10-02T17:57:19Z,LONG,XAUUSD,4136.0,4140.0,4141.0,4165.0,4120.0,"NEW TRADE IDEA

XAUUSD BUY 4136

TP 1 4140
TP 2 4141
TP 3 4165

SL @ 4120

Trade accordingly and only trade with money you can afford to LOSE.

DOUBLE LOTSIZE",1.0
@fxtradingvision,86591,2026-10-05T11:46:08Z,LONG,XAUUSD,4149.0,4153.0,4154.0,4180.0,4130.0,"NEW TRADE IDEA

XAUUSD BUY LIMIT 4149-4150

TP 1 4153
TP 2 4154
TP 3 4180

SL @ 4130

Trade accordingly and only trade with money you can afford to LOSE.",1.0
@fxtradingvision,86599,2026-10-05T17:53:18Z,SHORT,XAUUSD,4144.0,4141.0,4140.0,4120.0,4165.0,"NEW TRADE IDEA

XAUUSD SELL LIMIT 4144-4145

TP 1 4141
TP 2 4140
TP 3 4120

SL @ 4165

Trade accordingly and only trade with money you can afford to LOSE.",1.0
@fxtradingvision,86622,2026-10-06T09:34:53Z,SHORT,XAUUSD,4158.0,4154.0,4153.0,4130.0,4175.0,"NEW TRADE IDEA

XAUUSD SELL 4158

TP 1 4154
TP 2 4153
TP 3 4130

SL @ 4175

Trade accordingly and only trade with money you can afford to LOSE.",1.0
@fxtradingvision,86635,2026-10-06T14:26:06Z,LONG,XAUUSD,4145.0,4149.0,4150.0,4170.0,4130.0,"NEW TRADE IDEA

XAUUSD BUY 4145

TP 1 4149
TP 2 4150
TP 3 4170

SL @ 4130

Trade accordingly and only trade with money you can afford to LOSE.",1.0
@fxtradingvision,86667,2026-10-06T19:41:14Z,LONG,XAUUSD,4168.0,4172.0,4173.0,4195.0,4145.0,"NEW TRADE IDEA

XAUUSD BUY 4168

TP 1 4172
TP 2 4173
TP 3 4195

SL @ 4145

Trade accordingly and only trade with money you can afford to LOSE.",1.0
@fxtradingvision,86671,2026-10-06T20:35:28Z,LONG,XAUUSD,4155.0,4159.0,4160.0,4180.0,4140.0,"NEW TRADE IDEA

XAUUSD BUY 4155-4156

TP 1 4159
TP 2 4160
TP 3 4180

SL @ 4140

Trade accordingly and only trade with money you can afford to LOSE.",1.0
@fxtradingvision,86694,2026-10-07T07:37:27Z,SHORT,XAUUSD,4137.0,4134.0,4133.0,4110.0,4155.0,"NEW TRADE IDEA

XAUUSD SELL 4137-4138

TP 1 4134
TP 2 4133
TP 3 4110

SL @ 4155

Trade accordingly and only trade with money you can afford to LOSE.",1.0
@fxtradingvision,86703,2026-10-07T09:04:58Z,SHORT,XAUUSD,4124.0,4120.0,4119.0,4100.0,4145.0,"NEW TRADE IDEA

XAUUSD SELL 4124

TP 1 4120
TP 2 4119
TP 3 4100

SL @ 4145

Trade accordingly and only trade with money you can afford to LOSE.",1.0
@fxtradingvision,86730,2026-10-07T10:52:08Z,SHORT,XAUUSD,4120.0,4117.0,4116.0,4100.0,4140.0,"NEW TRADE IDEA

XAUUSD SELL LIMIT 4120-4121

TP 1 4117
TP 2 4116
TP 3 4100

SL @ 4140

Trade accordingly and only trade with money you can afford to LOSE.",1.0
@fxtradingvision,86745,2026-10-07T16:10:28Z,SHORT,XAUUSD,4120.0,4117.0,4116.0,4100.0,4140.0,"NEW TRADE IDEA

XAUUSD SELL LIMIT 4120-4121

TP 1 4117
TP 2 4116
TP 3 4100

SL @ 4140

Trade accordingly and only trade with money you can afford to LOSE.",1.0
@fxtradingvision,86771,2026-10-08T13:09:17Z,SHORT,XAUUSD,4128.0,4124.0,4123.0,4100.0,4150.0,"NEW TRADE IDEA

XAUUSD SELL 4128

TP 1 4124
TP 2 4123
TP 3 4100

SL @ 4150

Trade accordingly and only trade with money you can afford to LOSE.",1.0
@fxtradingvision,86777,2026-10-08T14:32:52Z,SHORT,XAUUSD,4138.0,4134.0,4133.0,4110.0,4155.0,"NEW TRADE IDEA

XAUUSD SELL 4138

TP 1 4134
TP 2 4133
TP 3 4110

SL @ 4155

Trade accordingly and only trade with money you can afford to LOSE.",1.0
@fxtradingvision,86804,2026-10-08T17:13:01Z,SHORT,XAUUSD,4136.0,4132.0,4131.0,4110.0,4155.0,"NEW TRADE IDEA

XAUUSD SELL 4136

TP 1 4132
TP 2 4131
TP 3 4110

SL @ 4155

Trade accordingly and only trade with money you can afford to LOSE.",1.0
@fxtradingvision,86835,2026-10-09T10:47:48Z,SHORT,XAUUSD,4186.0,4182.0,4181.0,4160.0,4200.0,"NEW TRADE IDEA

XAUUSD SELL 4186

TP 1 4182
TP 2 4181
TP 3 4160

SL @ 4200

Trade accordingly and only trade with money you can afford to LOSE.",1.0
@fxtradingvision,86846,2026-10-09T13:01:20Z,SHORT,XAUUSD,4178.0,4174.0,4173.0,4150.0,4196.0,"NEW TRADE IDEA

XAUUSD SELL 4178

TP 1 4174
TP 2 4173
TP 3 4150

SL @ 4196

Trade accordingly and only trade with money you can afford to LOSE.",1.0
@fxtradingvision,86849,2026-10-09T13:18:49Z,SHORT,XAUUSD,4188.0,4184.0,4183.0,4160.0,4206.0,"NEW TRADE IDEA

XAUUSD SELL 4188

TP 1 4184
TP 2 4183
TP 3 4160

SL @ 4206

Trade accordingly and only trade with money you can afford to LOSE.",1.0
@fxtradingvision,86851,2026-10-09T15:25:28Z,SHORT,XAUUSD,4191.0,4187.0,4186.0,4160.0,4210.0,"NEW TRADE IDEA

XAUUSD SELL 4191

TP 1 4187
TP 2 4186
TP 3 4160

SL @ 4210

Trade accordingly and only trade with money you can afford to LOSE.",1.0
@fxtradingvision,86857,2026-10-09T18:51:05Z,SHORT,XAUUSD,4202.0,4198.0,4197.0,4170.0,4220.0,"NEW TRADE IDEA

XAUUSD SELL 4202

TP 1 4198
TP 2 4197
TP 3 4170

SL @ 4220

Trade accordingly and only trade with money you can afford to LOSE.",1.0
@s2tbylennart,161,2026-06-17T09:55:24Z,LONG,AUDNZD,1.21704,1.21854,1.22004,1.22604,1.21404,"🚀AUDNZD - BUY🚀

Entry: 1.21704

Stopp-Loss: 1.21404

Take-Profit 1: 1.21854
Take-Profit 2: 1.22004
Take-Profit 3: 1.22604

📊3:1 Risk Reward 📊",1.0
@s2tbylennart,171,2026-06-17T09:55:25Z,SHORT,GBPUSD,1.34814,1.34664,1.34514,1.33914,1.35114,"🚀GBPUSD - SELL🚀

Entry: 1.34814

Stopp-Loss: 1.35114

Take-Profit 1: 1.34664
Take-Profit 2: 1.34514
Take-Profit 3: 1.33914

📊3:1 Risk Reward 📊",1.0
